service,ip,device_type,timestamp,expected,reality,evidence
CV,192.168.31.21,Laptop,2024-07-05 17:40:09.171081,0.25,1,0.7716207455429498
CV,192.168.31.21,Laptop,2024-07-05 17:40:09.692694,0.25,0.5,0.2816207455429498
CV,192.168.31.21,Laptop,2024-07-05 17:40:10.208037,0.25,0.3333333333333333,0.13495407887628305
CV,192.168.31.21,Laptop,2024-07-05 17:40:10.719858,0.25,0.5,0.3216207455429498
CV,192.168.31.21,Laptop,2024-07-05 17:40:11.231689,0.25,0.6,0.4416207455429497
CV,192.168.31.21,Laptop,2024-07-05 17:40:11.741495,0.25,0.6666666666666666,0.5382874122096164
CV,192.168.31.21,Laptop,2024-07-05 17:40:12.256245,0.25,0.7142857142857143,0.5959064598286641
CV,192.168.31.21,Laptop,2024-07-05 17:40:12.764920,0.25,0.75,0.6616207455429498
CV,192.168.31.21,Laptop,2024-07-05 17:40:13.276502,0.25,0.7777777777777778,0.6993985233207276
CV,192.168.31.21,Laptop,2024-07-05 17:40:13.785872,0.25,0.8,0.7516207455429498
CV,192.168.31.21,Laptop,2024-07-05 17:40:14.293680,0.25,0.8181818181818182,0.789802563724768
CV,192.168.31.21,Laptop,2024-07-05 17:40:14.809197,0.25,0.8333333333333334,0.8249540788762831
CV,192.168.31.21,Laptop,2024-07-05 17:40:15.318971,0.25,0.8461538461538461,0.8577745916967959
CV,192.168.31.21,Laptop,2024-07-05 17:40:15.833148,0.25,0.8571428571428571,0.8887636026858069
CV,192.168.31.21,Laptop,2024-07-05 17:40:16.342073,0.25,0.8666666666666667,0.9182874122096165
CV,192.168.31.21,Laptop,2024-07-05 17:40:16.851673,0.25,0.875,0.9466207455429498
CV,192.168.31.21,Laptop,2024-07-05 17:40:17.362126,0.25,0.8823529411764706,0.9739736867194204
CV,192.168.31.21,Laptop,2024-07-05 17:40:17.869700,0.25,0.8888888888888888,1.0005096344318385
CV,192.168.31.21,Laptop,2024-07-05 17:40:18.672703,0.7846251386967376,0.8947368421052632,0.17162685492367705
CV,192.168.31.21,Laptop,2024-07-05 17:40:19.188321,0.7846251386967376,0.9,0.18689001281841391
CV,192.168.31.21,Laptop,2024-07-05 17:40:19.698147,0.7846251386967376,0.9047619047619048,0.22165191758031866
CV,192.168.31.21,Laptop,2024-07-05 17:40:20.213494,0.7846251386967376,0.9090909090909091,0.23598092190932296
CV,192.168.31.21,Laptop,2024-07-05 17:40:20.722158,0.7846251386967376,0.9130434782608695,0.2699334910792834
CV,192.168.31.21,Laptop,2024-07-05 17:40:21.233997,0.7846251386967376,0.9166666666666666,0.2935566794850805
CV,192.168.31.21,Laptop,2024-07-05 17:40:21.754696,0.7846251386967376,0.92,0.31689001281841395
CV,192.168.31.21,Laptop,2024-07-05 17:40:22.266456,0.7846251386967376,0.9230769230769231,0.33996693589533705
CV,192.168.31.21,Laptop,2024-07-05 17:40:22.778475,0.7846251386967376,0.9259259259259259,0.3628159387443398
CV,192.168.31.21,Laptop,2024-07-05 17:40:23.288730,0.7846251386967376,0.9285714285714286,0.3854614413898425
CV,192.168.31.21,Laptop,2024-07-05 17:40:23.804156,0.7846251386967376,0.9310344827586207,0.41792449557703454
CV,192.168.31.21,Laptop,2024-07-05 17:40:24.312943,0.7846251386967376,0.9333333333333333,0.43022334615174723
CV,192.168.31.21,Laptop,2024-07-05 17:40:24.827181,0.7846251386967376,0.9354838709677419,0.4523738837861558
CV,192.168.31.21,Laptop,2024-07-05 17:40:25.337870,0.7846251386967376,0.9375,0.4743900128184139
CV,192.168.31.21,Laptop,2024-07-05 17:40:25.850135,0.7846251386967376,0.9393939393939394,0.49628395221235333
CV,192.168.31.21,Laptop,2024-07-05 17:40:26.356893,0.7846251386967376,0.9411764705882353,0.5280664834066491
CV,192.168.31.21,Laptop,2024-07-05 17:40:26.867611,0.7846251386967376,0.9428571428571428,0.5397471556755566
CV,192.168.31.21,Laptop,2024-07-05 17:40:27.378229,0.7846251386967376,0.9444444444444444,0.5713344572628583
CV,192.168.31.21,Laptop,2024-07-05 17:40:27.887242,0.7846251386967376,0.9459459459459459,0.5828359587643598
CV,192.168.31.21,Laptop,2024-07-05 17:40:28.401132,0.7846251386967376,0.9473684210526315,0.6142584338710453
CV,192.168.31.21,Laptop,2024-07-05 17:40:28.909395,0.7846251386967376,0.9487179487179487,0.6256079615363626
CV,192.168.31.21,Laptop,2024-07-05 17:40:29.420957,0.7846251386967376,0.95,0.6468900128184139
CV,192.168.31.21,Laptop,2024-07-05 17:40:29.928475,0.7846251386967376,0.9512195121951219,0.6781095250135357
CV,192.168.31.21,Laptop,2024-07-05 17:40:30.443434,0.7846251386967376,0.9523809523809523,0.6892709651993661
CV,192.168.31.21,Laptop,2024-07-05 17:40:30.950821,0.7846251386967376,0.9534883720930233,0.7203783849114371
CV,192.168.31.21,Laptop,2024-07-05 17:40:31.459763,0.7846251386967376,0.9545454545454546,0.7414354673638685
CV,192.168.31.21,Laptop,2024-07-05 17:40:31.968812,0.7846251386967376,0.9555555555555556,0.7624455683739695
CV,192.168.31.21,Laptop,2024-07-05 17:40:32.477498,0.7846251386967376,0.9565217391304348,0.7834117519488486
CV,192.168.31.21,Laptop,2024-07-05 17:40:32.992055,0.7846251386967376,0.9574468085106383,0.7943368213290521
CV,192.168.31.21,Laptop,2024-07-05 17:40:33.500783,0.7846251386967376,0.9583333333333334,0.8252233461517472
CV,192.168.31.21,Laptop,2024-07-05 17:40:34.012090,0.7846251386967376,0.9591836734693877,0.8360736862878015
CV,192.168.31.21,Laptop,2024-07-05 17:40:34.521135,0.7846251386967376,0.96,0.8668900128184138
CV,192.168.31.21,Laptop,2024-07-05 17:40:35.030294,0.7846251386967376,0.9607843137254902,0.8876743265439041
CV,192.168.31.21,Laptop,2024-07-05 17:40:35.540870,0.7846251386967376,0.9615384615384616,0.9084284743568753
CV,192.168.31.21,Laptop,2024-07-05 17:40:36.053780,0.7846251386967376,0.9622641509433962,0.92915416376181
CV,192.168.31.21,Laptop,2024-07-05 17:40:36.560582,0.7846251386967376,0.9629629629629629,0.9498529757813767
CV,192.168.31.21,Laptop,2024-07-05 17:40:37.069942,0.7846251386967376,0.9636363636363636,0.9705263764547775
CV,192.168.31.21,Laptop,2024-07-05 17:40:37.582688,0.7846251386967376,0.9642857142857143,1.0011757271041282
CV,192.168.31.21,Laptop,2024-07-05 17:40:38.330687,0.872252342560877,0.9649122807017544,0.2169879593892173
CV,192.168.31.21,Laptop,2024-07-05 17:40:38.846781,0.872252342560877,0.9655172413793104,0.23759292006677332
CV,192.168.31.21,Laptop,2024-07-05 17:40:39.355663,0.872252342560877,0.9661016949152542,0.25817737360271714
CV,192.168.31.21,Laptop,2024-07-05 17:40:39.871564,0.872252342560877,0.9666666666666667,0.2687423453541296
CV,192.168.31.21,Laptop,2024-07-05 17:40:40.381231,0.872252342560877,0.9672131147540983,0.29928879344156123
CV,192.168.31.21,Laptop,2024-07-05 17:40:40.893633,0.872252342560877,0.967741935483871,0.3198176141713339
CV,192.168.31.21,Laptop,2024-07-05 17:40:41.404076,0.872252342560877,0.9682539682539683,0.3403296469414312
CV,192.168.31.21,Laptop,2024-07-05 17:40:41.916276,0.872252342560877,0.96875,0.36082567868746296
CV,192.168.31.21,Laptop,2024-07-05 17:40:42.426466,0.872252342560877,0.9692307692307692,0.38130644791823215
CV,192.168.31.21,Laptop,2024-07-05 17:40:42.933237,0.872252342560877,0.9696969696969697,0.40177264838443266
CV,192.168.31.21,Laptop,2024-07-05 17:40:43.446480,0.872252342560877,0.9701492537313433,0.4322249324188062
CV,192.168.31.21,Laptop,2024-07-05 17:40:43.956340,0.872252342560877,0.9705882352941176,0.44266391398158056
CV,192.168.31.21,Laptop,2024-07-05 17:40:44.468392,0.872252342560877,0.9710144927536232,0.4630901714410861
CV,192.168.31.21,Laptop,2024-07-05 17:40:44.978056,0.872252342560877,0.9714285714285714,0.4835042501160344
CV,192.168.31.21,Laptop,2024-07-05 17:40:45.492104,0.872252342560877,0.971830985915493,0.503906664602956
CV,192.168.31.21,Laptop,2024-07-05 17:40:46.001644,0.872252342560877,0.9722222222222222,0.5342979009096851
CV,192.168.31.21,Laptop,2024-07-05 17:40:46.591201,0.872252342560877,0.9726027397260274,0.5546784184134903
CV,192.168.31.21,Laptop,2024-07-05 17:40:47.101568,0.872252342560877,0.972972972972973,0.575048651660436
CV,192.168.31.21,Laptop,2024-07-05 17:40:47.615574,0.872252342560877,0.9733333333333334,0.5854090120207963
CV,192.168.31.21,Laptop,2024-07-05 17:40:48.128879,0.872252342560877,0.9733333333333334,0.6154090120207962
CV,192.168.31.21,Laptop,2024-07-05 17:40:48.643648,0.872252342560877,0.9866666666666667,0.6387423453541297
CV,192.168.31.21,Laptop,2024-07-05 17:40:49.152745,0.872252342560877,1.0,0.6820756786874629
CV,192.168.31.21,Laptop,2024-07-05 17:40:49.661646,0.872252342560877,1.0,0.7020756786874629
CV,192.168.31.21,Laptop,2024-07-05 17:40:50.172303,0.872252342560877,1.0,0.7220756786874629
CV,192.168.31.21,Laptop,2024-07-05 17:40:50.682532,0.872252342560877,1.0,0.7420756786874629
CV,192.168.31.21,Laptop,2024-07-05 17:40:51.195202,0.872252342560877,1.0,0.762075678687463
CV,192.168.31.21,Laptop,2024-07-05 17:40:51.706839,0.872252342560877,1.0,0.782075678687463
CV,192.168.31.21,Laptop,2024-07-05 17:40:52.220819,0.872252342560877,1.0,0.8020756786874629
CV,192.168.31.21,Laptop,2024-07-05 17:40:52.729084,0.872252342560877,1.0,0.8220756786874629
CV,192.168.31.21,Laptop,2024-07-05 17:40:53.241404,0.872252342560877,1.0,0.8420756786874629
CV,192.168.31.21,Laptop,2024-07-05 17:40:53.750331,0.872252342560877,1.0,0.8620756786874629
CV,192.168.31.21,Laptop,2024-07-05 17:40:54.263669,0.872252342560877,1.0,0.882075678687463
CV,192.168.31.21,Laptop,2024-07-05 17:40:54.774598,0.872252342560877,1.0,0.912075678687463
CV,192.168.31.21,Laptop,2024-07-05 17:40:55.283265,0.872252342560877,1.0,0.9220756786874629
CV,192.168.31.21,Laptop,2024-07-05 17:40:55.794586,0.872252342560877,1.0,0.9520756786874629
CV,192.168.31.21,Laptop,2024-07-05 17:40:56.303526,0.872252342560877,1.0,0.9620756786874629
CV,192.168.31.21,Laptop,2024-07-05 17:40:56.813212,0.872252342560877,1.0,0.9820756786874629
CV,192.168.31.21,Laptop,2024-07-05 17:40:57.321544,0.872252342560877,1.0,1.012075678687463
CV,192.168.31.21,Laptop,2024-07-05 17:40:58.108623,0.9098563094168061,1.0,0.24132572368012065
CV,192.168.31.21,Laptop,2024-07-05 17:40:58.621451,0.9098563094168061,1.0,0.2513257236801206
CV,192.168.31.21,Laptop,2024-07-05 17:40:59.129652,0.9098563094168061,1.0,0.28132572368012065
CV,192.168.31.21,Laptop,2024-07-05 17:40:59.639416,0.9098563094168061,1.0,0.29132572368012066
CV,192.168.31.21,Laptop,2024-07-05 17:41:00.153162,0.9098563094168061,1.0,0.3113257236801206
CV,192.168.31.21,Laptop,2024-07-05 17:41:00.663489,0.9098563094168061,1.0,0.33132572368012064
CV,192.168.31.21,Laptop,2024-07-05 17:41:01.176928,0.9098563094168061,1.0,0.35132572368012066
CV,192.168.31.21,Laptop,2024-07-05 17:41:01.684991,0.9098563094168061,1.0,0.3813257236801207
CV,192.168.31.21,Laptop,2024-07-05 17:41:02.196832,0.9098563094168061,1.0,0.39132572368012064
CV,192.168.31.21,Laptop,2024-07-05 17:41:02.709908,0.9098563094168061,1.0,0.4213257236801206
CV,192.168.31.21,Laptop,2024-07-05 17:41:03.221012,0.9098563094168061,1.0,0.44132572368012063
CV,192.168.31.21,Laptop,2024-07-05 17:41:03.730508,0.9098563094168061,1.0,0.46132572368012065
CV,192.168.31.21,Laptop,2024-07-05 17:41:04.237246,0.9098563094168061,1.0,0.48132572368012067
CV,192.168.31.21,Laptop,2024-07-05 17:41:04.754773,0.9098563094168061,1.0,0.5013257236801206
CV,192.168.31.21,Laptop,2024-07-05 17:41:05.265949,0.9098563094168061,1.0,0.5213257236801206
CV,192.168.31.21,Laptop,2024-07-05 17:41:05.781591,0.9098563094168061,1.0,0.5413257236801207
CV,192.168.31.21,Laptop,2024-07-05 17:41:06.289762,0.9098563094168061,1.0,0.5613257236801206
CV,192.168.31.21,Laptop,2024-07-05 17:41:06.797751,0.9098563094168061,1.0,0.5813257236801206
CV,192.168.31.21,Laptop,2024-07-05 17:41:07.306006,0.9098563094168061,1.0,0.6013257236801206
CV,192.168.31.21,Laptop,2024-07-05 17:41:07.820466,0.9098563094168061,1.0,0.6213257236801205
CV,192.168.31.21,Laptop,2024-07-05 17:41:08.329154,0.9098563094168061,1.0,0.6413257236801205
CV,192.168.31.21,Laptop,2024-07-05 17:41:08.840647,0.9098563094168061,1.0,0.6613257236801205
CV,192.168.31.21,Laptop,2024-07-05 17:41:09.353933,0.9098563094168061,1.0,0.6813257236801206
CV,192.168.31.21,Laptop,2024-07-05 17:41:09.861704,0.9098563094168061,1.0,0.7013257236801206
CV,192.168.31.21,Laptop,2024-07-05 17:41:10.371355,0.9098563094168061,1.0,0.7213257236801206
CV,192.168.31.21,Laptop,2024-07-05 17:41:10.883302,0.9098563094168061,1.0,0.7413257236801206
CV,192.168.31.21,Laptop,2024-07-05 17:41:11.394691,0.9098563094168061,1.0,0.7613257236801206
CV,192.168.31.21,Laptop,2024-07-05 17:41:11.911260,0.9098563094168061,1.0,0.7813257236801205
CV,192.168.31.21,Laptop,2024-07-05 17:41:12.423476,0.9098563094168061,1.0,0.8013257236801206
CV,192.168.31.21,Laptop,2024-07-05 17:41:12.933251,0.9098563094168061,1.0,0.8213257236801206
CV,192.168.31.21,Laptop,2024-07-05 17:41:13.449021,0.9098563094168061,1.0,0.8413257236801206
CV,192.168.31.21,Laptop,2024-07-05 17:41:13.966765,0.9098563094168061,0.9866666666666667,0.8479923903467873
CV,192.168.31.21,Laptop,2024-07-05 17:41:14.480479,0.9098563094168061,0.9866666666666667,0.8779923903467873
CV,192.168.31.21,Laptop,2024-07-05 17:41:14.992516,0.9098563094168061,0.9866666666666667,0.8879923903467872
CV,192.168.31.21,Laptop,2024-07-05 17:41:15.510446,0.9098563094168061,0.9866666666666667,0.9179923903467873
CV,192.168.31.21,Laptop,2024-07-05 17:41:16.022496,0.9098563094168061,0.9866666666666667,0.9279923903467873
CV,192.168.31.21,Laptop,2024-07-05 17:41:16.540783,0.9098563094168061,0.9866666666666667,0.9479923903467873
CV,192.168.31.21,Laptop,2024-07-05 17:41:17.051623,0.9098563094168061,0.9866666666666667,0.9779923903467873
CV,192.168.31.21,Laptop,2024-07-05 17:41:17.565474,0.9098563094168061,0.9866666666666667,0.9879923903467873
CV,192.168.31.21,Laptop,2024-07-05 17:41:18.073917,0.9098563094168061,0.9866666666666667,1.0179923903467873
CV,192.168.31.21,Laptop,2024-07-05 17:41:18.883336,0.9326416225493836,0.9866666666666667,0.20508436615118134
CV,192.168.31.21,Laptop,2024-07-05 17:41:19.392861,0.9326416225493836,0.9866666666666667,0.22508436615118135
CV,192.168.31.21,Laptop,2024-07-05 17:41:19.903186,0.9326416225493836,0.9866666666666667,0.24508436615118134
CV,192.168.31.21,Laptop,2024-07-05 17:41:20.417876,0.9326416225493836,0.9866666666666667,0.26508436615118136
CV,192.168.31.21,Laptop,2024-07-05 17:41:20.930268,0.9326416225493836,0.9866666666666667,0.2850843661511813
CV,192.168.31.21,Laptop,2024-07-05 17:41:21.445053,0.9326416225493836,0.9866666666666667,0.30508436615118134
CV,192.168.31.21,Laptop,2024-07-05 17:41:21.955802,0.9326416225493836,0.9866666666666667,0.32508436615118136
CV,192.168.31.21,Laptop,2024-07-05 17:41:22.466536,0.9326416225493836,0.9866666666666667,0.3450843661511814
CV,192.168.31.21,Laptop,2024-07-05 17:41:22.976505,0.9326416225493836,0.9866666666666667,0.36508436615118134
CV,192.168.31.21,Laptop,2024-07-05 17:41:23.485412,0.9326416225493836,0.9866666666666667,0.38508436615118136
CV,192.168.31.21,Laptop,2024-07-05 17:41:23.999629,0.9326416225493836,0.9866666666666667,0.4150843661511813
CV,192.168.31.21,Laptop,2024-07-05 17:41:24.511468,0.9326416225493836,0.9866666666666667,0.42508436615118134
CV,192.168.31.21,Laptop,2024-07-05 17:41:25.023196,0.9326416225493836,0.9866666666666667,0.44508436615118135
CV,192.168.31.21,Laptop,2024-07-05 17:41:25.529453,0.9326416225493836,0.9866666666666667,0.46508436615118137
CV,192.168.31.21,Laptop,2024-07-05 17:41:26.037767,0.9326416225493836,0.9866666666666667,0.48508436615118133
CV,192.168.31.21,Laptop,2024-07-05 17:41:26.552465,0.9326416225493836,0.9866666666666667,0.5150843661511815
CV,192.168.31.21,Laptop,2024-07-05 17:41:27.060810,0.9326416225493836,0.9866666666666667,0.5250843661511815
CV,192.168.31.21,Laptop,2024-07-05 17:41:27.575197,0.9326416225493836,0.9866666666666667,0.5450843661511814
CV,192.168.31.21,Laptop,2024-07-05 17:41:28.085003,0.9326416225493836,0.9866666666666667,0.5650843661511814
CV,192.168.31.21,Laptop,2024-07-05 17:41:28.596277,0.9326416225493836,0.9866666666666667,0.5850843661511814
CV,192.168.31.21,Laptop,2024-07-05 17:41:29.107186,0.9326416225493836,0.9866666666666667,0.6050843661511813
CV,192.168.31.21,Laptop,2024-07-05 17:41:29.616654,0.9326416225493836,0.9866666666666667,0.6250843661511813
CV,192.168.31.21,Laptop,2024-07-05 17:41:30.131624,0.9326416225493836,0.9866666666666667,0.6550843661511814
CV,192.168.31.21,Laptop,2024-07-05 17:41:30.644930,0.9326416225493836,0.9866666666666667,0.6650843661511814
CV,192.168.31.21,Laptop,2024-07-05 17:41:31.157250,0.9326416225493836,0.9866666666666667,0.6850843661511814
CV,192.168.31.21,Laptop,2024-07-05 17:41:31.665017,0.9326416225493836,0.9866666666666667,0.7150843661511814
CV,192.168.31.21,Laptop,2024-07-05 17:41:32.173925,0.9326416225493836,0.9866666666666667,0.7250843661511814
CV,192.168.31.21,Laptop,2024-07-05 17:41:32.684280,0.9326416225493836,0.9866666666666667,0.7550843661511814
CV,192.168.31.21,Laptop,2024-07-05 17:41:33.196460,0.9326416225493836,0.9866666666666667,0.7650843661511814
CV,192.168.31.21,Laptop,2024-07-05 17:41:33.710783,0.9326416225493836,0.9866666666666667,0.7850843661511814
CV,192.168.31.21,Laptop,2024-07-05 17:41:34.221092,0.9326416225493836,0.9866666666666667,0.8050843661511814
CV,192.168.31.21,Laptop,2024-07-05 17:41:34.730056,0.9326416225493836,0.9866666666666667,0.8250843661511814
CV,192.168.31.21,Laptop,2024-07-05 17:41:35.238964,0.9326416225493836,0.9866666666666667,0.8550843661511814
CV,192.168.31.21,Laptop,2024-07-05 17:41:35.748333,0.9326416225493836,0.9866666666666667,0.8650843661511814
CV,192.168.31.21,Laptop,2024-07-05 17:41:36.264038,0.9326416225493836,0.9866666666666667,0.8850843661511814
CV,192.168.31.21,Laptop,2024-07-05 17:41:36.775945,0.9326416225493836,0.9866666666666667,0.9050843661511814
CV,192.168.31.21,Laptop,2024-07-05 17:41:37.293733,0.9326416225493836,0.9866666666666667,0.9250843661511814
CV,192.168.31.21,Laptop,2024-07-05 17:41:37.806903,0.9326416225493836,0.9866666666666667,0.9550843661511814
CV,192.168.31.21,Laptop,2024-07-05 17:41:38.317034,0.9326416225493836,0.9866666666666667,0.9650843661511814
CV,192.168.31.21,Laptop,2024-07-05 17:41:38.830179,0.9326416225493836,0.9866666666666667,0.9950843661511815
CV,192.168.31.21,Laptop,2024-07-05 17:41:39.339346,0.9326416225493836,0.9866666666666667,1.0050843661511815
CV,192.168.31.21,Laptop,2024-07-05 17:41:40.021960,0.9470966080398043,0.9866666666666667,0.19052883139771565
CV,192.168.31.21,Laptop,2024-07-05 17:41:40.531438,0.9470966080398043,0.9866666666666667,0.21052883139771567
CV,192.168.31.21,Laptop,2024-07-05 17:41:41.041413,0.9470966080398043,0.9866666666666667,0.23052883139771566
CV,192.168.31.21,Laptop,2024-07-05 17:41:41.556809,0.9470966080398043,0.9866666666666667,0.24052883139771566
CV,192.168.31.21,Laptop,2024-07-05 17:41:42.065519,0.9470966080398043,0.9866666666666667,0.27052883139771566
CV,192.168.31.21,Laptop,2024-07-05 17:41:42.579209,0.9470966080398043,0.9866666666666667,0.2905288313977157
CV,192.168.31.21,Laptop,2024-07-05 17:41:43.088924,0.9470966080398043,0.9866666666666667,0.3105288313977157
CV,192.168.31.21,Laptop,2024-07-05 17:41:43.597457,0.9470966080398043,0.9866666666666667,0.3305288313977157
CV,192.168.31.21,Laptop,2024-07-05 17:41:44.112179,0.9470966080398043,0.9866666666666667,0.3505288313977157
CV,192.168.31.21,Laptop,2024-07-05 17:41:44.625261,0.9470966080398043,0.9866666666666667,0.3705288313977157
CV,192.168.31.21,Laptop,2024-07-05 17:41:45.142188,0.9470966080398043,0.9866666666666667,0.39052883139771566
CV,192.168.31.21,Laptop,2024-07-05 17:41:45.648551,0.9470966080398043,0.9866666666666667,0.4105288313977157
CV,192.168.31.21,Laptop,2024-07-05 17:41:46.156591,0.9470966080398043,0.9866666666666667,0.4305288313977157
CV,192.168.31.21,Laptop,2024-07-05 17:41:46.664346,0.9470966080398043,0.9866666666666667,0.4505288313977157
CV,192.168.31.21,Laptop,2024-07-05 17:41:47.172662,0.9470966080398043,0.9866666666666667,0.4705288313977157
CV,192.168.31.21,Laptop,2024-07-05 17:41:47.686540,0.9470966080398043,0.9866666666666667,0.4905288313977157
CV,192.168.31.21,Laptop,2024-07-05 17:41:48.195686,0.9470966080398043,0.9866666666666667,0.5105288313977157
CV,192.168.31.21,Laptop,2024-07-05 17:41:48.708353,0.9470966080398043,0.9866666666666667,0.5305288313977157
CV,192.168.31.21,Laptop,2024-07-05 17:41:49.217843,0.9470966080398043,0.9866666666666667,0.5505288313977157
CV,192.168.31.21,Laptop,2024-07-05 17:41:49.726252,0.9470966080398043,0.9866666666666667,0.5705288313977157
CV,192.168.31.21,Laptop,2024-07-05 17:41:50.238733,0.9470966080398043,0.9866666666666667,0.5905288313977157
CV,192.168.31.21,Laptop,2024-07-05 17:41:50.747032,0.9470966080398043,0.9866666666666667,0.6105288313977157
CV,192.168.31.21,Laptop,2024-07-05 17:41:51.262412,0.9470966080398043,0.9866666666666667,0.6305288313977158
CV,192.168.31.21,Laptop,2024-07-05 17:41:51.771573,0.9470966080398043,0.9866666666666667,0.6505288313977157
CV,192.168.31.21,Laptop,2024-07-05 17:41:52.279613,0.9470966080398043,0.9866666666666667,0.6705288313977157
CV,192.168.31.21,Laptop,2024-07-05 17:41:52.791569,0.9470966080398043,1.0,0.703862164731049
CV,192.168.31.21,Laptop,2024-07-05 17:41:53.300336,0.9470966080398043,1.0,0.723862164731049
CV,192.168.31.21,Laptop,2024-07-05 17:41:53.816811,0.9470966080398043,1.0,0.743862164731049
CV,192.168.31.21,Laptop,2024-07-05 17:41:54.325934,0.9470966080398043,1.0,0.763862164731049
CV,192.168.31.21,Laptop,2024-07-05 17:41:54.835672,0.9470966080398043,1.0,0.783862164731049
CV,192.168.31.21,Laptop,2024-07-05 17:41:55.350875,0.9470966080398043,1.0,0.803862164731049
CV,192.168.31.21,Laptop,2024-07-05 17:41:55.861627,0.9470966080398043,1.0,0.823862164731049
CV,192.168.31.21,Laptop,2024-07-05 17:41:56.375817,0.9470966080398043,1.0,0.843862164731049
CV,192.168.31.21,Laptop,2024-07-05 17:41:56.899701,0.9470966080398043,1.0,0.863862164731049
CV,192.168.31.21,Laptop,2024-07-05 17:41:57.416591,0.9470966080398043,1.0,0.883862164731049
CV,192.168.31.21,Laptop,2024-07-05 17:41:57.925244,0.9470966080398043,1.0,0.903862164731049
CV,192.168.31.21,Laptop,2024-07-05 17:41:58.432709,0.9470966080398043,1.0,0.923862164731049
CV,192.168.31.21,Laptop,2024-07-05 17:41:58.948672,0.9470966080398043,1.0,0.953862164731049
CV,192.168.31.21,Laptop,2024-07-05 17:41:59.457137,0.9470966080398043,1.0,0.963862164731049
CV,192.168.31.21,Laptop,2024-07-05 17:41:59.970394,0.9470966080398043,1.0,0.983862164731049
CV,192.168.31.21,Laptop,2024-07-05 17:42:00.482016,0.9470966080398043,1.0,1.003862164731049
CV,192.168.31.21,Laptop,2024-07-05 17:42:01.286723,0.9581800462788715,1.0,0.20269561046368537
CV,192.168.31.21,Laptop,2024-07-05 17:42:01.797053,0.9581800462788715,1.0,0.21269561046368538
CV,192.168.31.21,Laptop,2024-07-05 17:42:02.311120,0.9581800462788715,1.0,0.23269561046368537
CV,192.168.31.21,Laptop,2024-07-05 17:42:02.820809,0.9581800462788715,1.0,0.2526956104636854
CV,192.168.31.21,Laptop,2024-07-05 17:42:03.334126,0.9581800462788715,1.0,0.27269561046368535
CV,192.168.31.21,Laptop,2024-07-05 17:42:03.844838,0.9581800462788715,1.0,0.29269561046368536
CV,192.168.31.21,Laptop,2024-07-05 17:42:04.360955,0.9581800462788715,1.0,0.3126956104636854
CV,192.168.31.21,Laptop,2024-07-05 17:42:04.877468,0.9581800462788715,1.0,0.3426956104636854
CV,192.168.31.21,Laptop,2024-07-05 17:42:05.390571,0.9581800462788715,1.0,0.35269561046368536
CV,192.168.31.21,Laptop,2024-07-05 17:42:05.905411,0.9581800462788715,1.0,0.3726956104636854
CV,192.168.31.21,Laptop,2024-07-05 17:42:06.417371,0.9581800462788715,1.0,0.40269561046368535
CV,192.168.31.21,Laptop,2024-07-05 17:42:06.932427,0.9581800462788715,1.0,0.41269561046368536
CV,192.168.31.21,Laptop,2024-07-05 17:42:07.450075,0.9581800462788715,1.0,0.4426956104636854
CV,192.168.31.21,Laptop,2024-07-05 17:42:07.964273,0.9581800462788715,1.0,0.4526956104636854
CV,192.168.31.21,Laptop,2024-07-05 17:42:08.479094,0.9581800462788715,1.0,0.48269561046368537
CV,192.168.31.21,Laptop,2024-07-05 17:42:08.999743,0.9581800462788715,1.0,0.5026956104636855
CV,192.168.31.21,Laptop,2024-07-05 17:42:09.515465,0.9581800462788715,1.0,0.5226956104636854
CV,192.168.31.21,Laptop,2024-07-05 17:42:10.030724,0.9581800462788715,1.0,0.5426956104636854
CV,192.168.31.21,Laptop,2024-07-05 17:42:10.546364,0.9581800462788715,1.0,0.5526956104636854
CV,192.168.31.21,Laptop,2024-07-05 17:42:11.061147,0.9581800462788715,1.0,0.5826956104636853
CV,192.168.31.21,Laptop,2024-07-05 17:42:11.575488,0.9581800462788715,1.0,0.5926956104636854
CV,192.168.31.21,Laptop,2024-07-05 17:42:12.092203,0.9581800462788715,1.0,0.6126956104636854
CV,192.168.31.21,Laptop,2024-07-05 17:42:12.606818,0.9581800462788715,1.0,0.6426956104636854
CV,192.168.31.21,Laptop,2024-07-05 17:42:13.122014,0.9581800462788715,1.0,0.6526956104636854
CV,192.168.31.21,Laptop,2024-07-05 17:42:13.635500,0.9581800462788715,1.0,0.6826956104636854
CV,192.168.31.21,Laptop,2024-07-05 17:42:14.149714,0.9581800462788715,1.0,0.7026956104636854
CV,192.168.31.21,Laptop,2024-07-05 17:42:14.663127,0.9581800462788715,1.0,0.7226956104636855
CV,192.168.31.21,Laptop,2024-07-05 17:42:15.177238,0.9581800462788715,1.0,0.7426956104636854
CV,192.168.31.21,Laptop,2024-07-05 17:42:15.690678,0.9581800462788715,1.0,0.7626956104636854
CV,192.168.31.21,Laptop,2024-07-05 17:42:16.202655,0.9581800462788715,1.0,0.7826956104636854
CV,192.168.31.21,Laptop,2024-07-05 17:42:16.715733,0.9581800462788715,1.0,0.8026956104636854
CV,192.168.31.21,Laptop,2024-07-05 17:42:17.226608,0.9581800462788715,1.0,0.8226956104636854
CV,192.168.31.21,Laptop,2024-07-05 17:42:17.742307,0.9581800462788715,1.0,0.8526956104636855
CV,192.168.31.21,Laptop,2024-07-05 17:42:18.261820,0.9581800462788715,1.0,0.8626956104636854
CV,192.168.31.21,Laptop,2024-07-05 17:42:18.774240,0.9581800462788715,1.0,0.8826956104636854
CV,192.168.31.21,Laptop,2024-07-05 17:42:19.296328,0.9581800462788715,0.9866666666666667,0.8893622771303521
CV,192.168.31.21,Laptop,2024-07-05 17:42:19.822527,0.9581800462788715,0.9733333333333334,0.8960289437970188
CV,192.168.31.21,Laptop,2024-07-05 17:42:20.344318,0.9581800462788715,0.96,0.9126956104636854
CV,192.168.31.21,Laptop,2024-07-05 17:42:20.863285,0.9581800462788715,0.96,0.9226956104636854
CV,192.168.31.21,Laptop,2024-07-05 17:42:21.381349,0.9581800462788715,0.96,0.9526956104636853
CV,192.168.31.21,Laptop,2024-07-05 17:42:21.899230,0.9581800462788715,0.96,0.9626956104636853
CV,192.168.31.21,Laptop,2024-07-05 17:42:22.417243,0.9581800462788715,0.9466666666666667,0.9793622771303521
CV,192.168.31.21,Laptop,2024-07-05 17:42:22.947241,0.9581800462788715,0.9466666666666667,0.9993622771303521
CV,192.168.31.21,Laptop,2024-07-05 17:42:23.464768,0.9581800462788715,0.9466666666666667,1.009362277130352
CV,192.168.31.21,Laptop,2024-07-05 17:42:24.560167,0.945840022194299,0.9333333333333333,0.1382939516514443
CV,192.168.31.21,Laptop,2024-07-05 17:42:25.078934,0.945840022194299,0.92,0.14496061831811102
CV,192.168.31.21,Laptop,2024-07-05 17:42:25.604039,0.945840022194299,0.92,0.164960618318111
CV,192.168.31.21,Laptop,2024-07-05 17:42:26.121024,0.945840022194299,0.9066666666666666,0.1716272849847776
CV,192.168.31.21,Laptop,2024-07-05 17:42:26.642313,0.945840022194299,0.9066666666666666,0.1916272849847776
CV,192.168.31.21,Laptop,2024-07-05 17:42:27.180168,0.945840022194299,0.8933333333333333,0.19829395165144428
CV,192.168.31.21,Laptop,2024-07-05 17:42:27.716233,0.945840022194299,0.88,0.204960618318111
CV,192.168.31.21,Laptop,2024-07-05 17:42:28.240257,0.945840022194299,0.8666666666666667,0.21162728498477767
CV,192.168.31.21,Laptop,2024-07-05 17:42:28.756382,0.945840022194299,0.8533333333333334,0.20829395165144438
CV,192.168.31.21,Laptop,2024-07-05 17:42:29.282305,0.945840022194299,0.8533333333333334,0.23829395165144437
CV,192.168.31.21,Laptop,2024-07-05 17:42:29.799331,0.945840022194299,0.8533333333333334,0.2582939516514443
CV,192.168.31.21,Laptop,2024-07-05 17:42:30.324017,0.945840022194299,0.8533333333333334,0.2782939516514443
CV,192.168.31.21,Laptop,2024-07-05 17:42:30.841051,0.945840022194299,0.84,0.2849606183181109
CV,192.168.31.21,Laptop,2024-07-05 17:42:31.367178,0.945840022194299,0.8266666666666667,0.29162728498477763
CV,192.168.31.21,Laptop,2024-07-05 17:42:31.884035,0.945840022194299,0.8266666666666667,0.3116272849847776
CV,192.168.31.21,Laptop,2024-07-05 17:42:32.400843,0.945840022194299,0.8266666666666667,0.3416272849847776
CV,192.168.31.21,Laptop,2024-07-05 17:42:32.917991,0.945840022194299,0.8266666666666667,0.35162728498477763
CV,192.168.31.21,Laptop,2024-07-05 17:42:33.441343,0.945840022194299,0.8266666666666667,0.3816272849847776
CV,192.168.31.21,Laptop,2024-07-05 17:42:33.965664,0.945840022194299,0.8266666666666667,0.3916272849847776
CV,192.168.31.21,Laptop,2024-07-05 17:42:34.491349,0.945840022194299,0.8133333333333334,0.4133073293733755
CV,192.168.31.21,Laptop,2024-07-05 17:42:35.021174,0.945840022194299,0.8,0.4366406627067088
CV,192.168.31.21,Laptop,2024-07-05 17:42:36.867240,0.945840022194299,0.8,0.4866406627067088
CV,192.168.31.21,Laptop,2024-07-05 17:42:38.564614,0.945840022194299,0.8,0.5266406627067088
CV,192.168.31.21,Laptop,2024-07-05 17:42:40.426908,0.945840022194299,0.8,0.5666406627067089
CV,192.168.31.21,Laptop,2024-07-05 17:42:42.140332,0.945840022194299,0.7866666666666666,0.6299739960400422
CV,192.168.31.21,Laptop,2024-07-05 17:42:43.997991,0.945840022194299,0.7866666666666666,0.6699739960400423
CV,192.168.31.21,Laptop,2024-07-05 17:42:45.767987,0.945840022194299,0.7866666666666666,0.7099739960400423
CV,192.168.31.21,Laptop,2024-07-05 17:42:47.690671,0.945840022194299,0.7733333333333333,0.7633073293733755
CV,192.168.31.21,Laptop,2024-07-05 17:42:49.476111,0.945840022194299,0.7733333333333333,0.8233073293733756
CV,192.168.31.21,Laptop,2024-07-05 17:42:51.324034,0.945840022194299,0.7733333333333333,0.8633073293733755
CV,192.168.31.21,Laptop,2024-07-05 17:42:53.087648,0.945840022194299,0.7733333333333333,0.9033073293733755
CV,192.168.31.21,Laptop,2024-07-05 17:42:54.584170,0.945840022194299,0.7733333333333333,0.9433073293733756
CV,192.168.31.21,Laptop,2024-07-05 17:42:56.324852,0.945840022194299,0.7733333333333333,0.9833073293733755
CV,192.168.31.21,Laptop,2024-07-05 17:42:57.843841,0.945840022194299,0.7733333333333333,1.0233073293733754
CV,192.168.31.21,Laptop,2024-07-05 17:42:59.837499,0.8202992419651827,0.76,0.0610307708605741
CV,192.168.31.21,Laptop,2024-07-05 17:43:01.748994,0.8202992419651827,0.76,0.1010307708605741
CV,192.168.31.21,Laptop,2024-07-05 17:43:03.562547,0.8202992419651827,0.76,0.15103077086057412
CV,192.168.31.21,Laptop,2024-07-05 17:43:05.258215,0.8202992419651827,0.76,0.19103077086057413
CV,192.168.31.21,Laptop,2024-07-05 17:43:06.653233,0.8202992419651827,0.76,0.24103077086057412
CV,192.168.31.21,Laptop,2024-07-05 17:43:08.145225,0.8202992419651827,0.76,0.2810307708605741
CV,192.168.31.21,Laptop,2024-07-05 17:43:09.850865,0.8202992419651827,0.76,0.3210307708605741
CV,192.168.31.21,Laptop,2024-07-05 17:43:11.591137,0.8202992419651827,0.76,0.3610307708605741
CV,192.168.31.21,Laptop,2024-07-05 17:43:13.239940,0.8202992419651827,0.76,0.4010307708605741
CV,192.168.31.21,Laptop,2024-07-05 17:43:14.785589,0.8202992419651827,0.76,0.4410307708605741
CV,192.168.31.21,Laptop,2024-07-05 17:43:16.068892,0.8202992419651827,0.76,0.4810307708605741
CV,192.168.31.21,Laptop,2024-07-05 17:43:17.639196,0.8202992419651827,0.7466666666666667,0.5343641041939075
CV,192.168.31.21,Laptop,2024-07-05 17:43:19.572014,0.8202992419651827,0.7466666666666667,0.5743641041939075
CV,192.168.31.21,Laptop,2024-07-05 17:43:21.172978,0.8202992419651827,0.7333333333333333,0.6176974375272408
CV,192.168.31.21,Laptop,2024-07-05 17:43:22.773581,0.8202992419651827,0.7333333333333333,0.6676974375272409
CV,192.168.31.21,Laptop,2024-07-05 17:43:24.468015,0.8202992419651827,0.7333333333333333,0.7076974375272409
CV,192.168.31.21,Laptop,2024-07-05 17:43:26.167742,0.8202992419651827,0.7333333333333333,0.7576974375272408
CV,192.168.31.21,Laptop,2024-07-05 17:43:28.130157,0.8202992419651827,0.72,0.8110307708605742
CV,192.168.31.21,Laptop,2024-07-05 17:43:29.869387,0.8202992419651827,0.7066666666666667,0.8543641041939075
CV,192.168.31.21,Laptop,2024-07-05 17:43:31.682631,0.8202992419651827,0.7066666666666667,0.8943641041939074
CV,192.168.31.21,Laptop,2024-07-05 17:43:33.340280,0.8202992419651827,0.6933333333333334,0.9476974375272408
CV,192.168.31.21,Laptop,2024-07-05 17:43:34.982364,0.8202992419651827,0.6933333333333334,0.9776974375272408
CV,192.168.31.21,Laptop,2024-07-05 17:43:36.910883,0.8202992419651827,0.6933333333333334,1.0176974375272407
CV,192.168.31.21,Laptop,2024-07-05 17:43:39.296856,0.7802992419651827,0.6933333333333334,0.0897530744859477
CV,192.168.31.21,Laptop,2024-07-05 17:43:40.912996,0.7802992419651827,0.6933333333333334,0.1297530744859477
CV,192.168.31.21,Laptop,2024-07-05 17:43:42.561885,0.7802992419651827,0.6933333333333334,0.16975307448594767
CV,192.168.31.21,Laptop,2024-07-05 17:43:44.097485,0.7802992419651827,0.6933333333333334,0.21975307448594772
CV,192.168.31.21,Laptop,2024-07-05 17:43:45.843998,0.7802992419651827,0.6933333333333334,0.25975307448594764
CV,192.168.31.21,Laptop,2024-07-05 17:43:47.439466,0.7802992419651827,0.68,0.313086407819281
CV,192.168.31.21,Laptop,2024-07-05 17:43:49.198607,0.7802992419651827,0.68,0.35308640781928097
CV,192.168.31.21,Laptop,2024-07-05 17:43:50.703187,0.7802992419651827,0.68,0.393086407819281
CV,192.168.31.21,Laptop,2024-07-05 17:43:52.491029,0.7802992419651827,0.68,0.443086407819281
CV,192.168.31.21,Laptop,2024-07-05 17:43:54.375625,0.7802992419651827,0.6933333333333334,0.46975307448594766
CV,192.168.31.21,Laptop,2024-07-05 17:43:56.239029,0.7802992419651827,0.7066666666666667,0.4964197411526144
CV,192.168.31.21,Laptop,2024-07-05 17:43:58.112728,0.7802992419651827,0.72,0.5230864078192811
CV,192.168.31.21,Laptop,2024-07-05 17:43:59.898044,0.7802992419651827,0.7066666666666667,0.5764197411526144
CV,192.168.31.21,Laptop,2024-07-05 17:44:01.810663,0.7802992419651827,0.7066666666666667,0.6164197411526143
CV,192.168.31.21,Laptop,2024-07-05 17:44:03.638192,0.7802992419651827,0.7066666666666667,0.6564197411526144
CV,192.168.31.21,Laptop,2024-07-05 17:44:05.280779,0.7802992419651827,0.72,0.7030864078192811
CV,192.168.31.21,Laptop,2024-07-05 17:44:06.861542,0.7802992419651827,0.72,0.743086407819281
CV,192.168.31.21,Laptop,2024-07-05 17:44:08.571514,0.7802992419651827,0.72,0.7930864078192811
CV,192.168.31.21,Laptop,2024-07-05 17:44:10.342986,0.7802992419651827,0.7333333333333333,0.8197530744859478
CV,192.168.31.21,Laptop,2024-07-05 17:44:12.114826,0.7802992419651827,0.7466666666666667,0.8549325238913342
CV,192.168.31.21,Laptop,2024-07-05 17:44:14.051212,0.7802992419651827,0.7466666666666667,0.8949325238913343
CV,192.168.31.21,Laptop,2024-07-05 17:44:15.545273,0.7802992419651827,0.7466666666666667,0.9349325238913343
CV,192.168.31.21,Laptop,2024-07-05 17:44:17.343266,0.7802992419651827,0.7466666666666667,0.9749325238913342
CV,192.168.31.21,Laptop,2024-07-05 17:44:18.999456,0.7802992419651827,0.76,1.0182658572246677
CV,192.168.31.21,Laptop,2024-07-05 17:44:21.011747,0.715439306107354,0.7733333333333333,0.09851941809527268
CV,192.168.31.21,Laptop,2024-07-05 17:44:21.531444,0.715439306107354,0.7866666666666666,0.13185275142860597
CV,192.168.31.21,Laptop,2024-07-05 17:44:22.048870,0.715439306107354,0.7866666666666666,0.151852751428606
CV,192.168.31.21,Laptop,2024-07-05 17:44:22.563675,0.715439306107354,0.7733333333333333,0.15851941809527267
CV,192.168.31.21,Laptop,2024-07-05 17:44:23.080716,0.715439306107354,0.7733333333333333,0.17851941809527266
CV,192.168.31.21,Laptop,2024-07-05 17:44:23.597679,0.715439306107354,0.7733333333333333,0.19851941809527268
CV,192.168.31.21,Laptop,2024-07-05 17:44:24.121957,0.715439306107354,0.7866666666666666,0.241852751428606
CV,192.168.31.21,Laptop,2024-07-05 17:44:24.642672,0.715439306107354,0.7866666666666666,0.25185275142860597
CV,192.168.31.21,Laptop,2024-07-05 17:44:25.161994,0.715439306107354,0.7733333333333333,0.26851941809527263
CV,192.168.31.21,Laptop,2024-07-05 17:44:25.676216,0.715439306107354,0.7733333333333333,0.28851941809527265
CV,192.168.31.21,Laptop,2024-07-05 17:44:26.192999,0.715439306107354,0.76,0.28518608476193935
CV,192.168.31.21,Laptop,2024-07-05 17:44:26.719961,0.715439306107354,0.76,0.3151860847619394
CV,192.168.31.21,Laptop,2024-07-05 17:44:27.239256,0.715439306107354,0.76,0.3251860847619394
CV,192.168.31.21,Laptop,2024-07-05 17:44:27.764121,0.715439306107354,0.7733333333333333,0.36851941809527267
CV,192.168.31.21,Laptop,2024-07-05 17:44:28.279996,0.715439306107354,0.7866666666666666,0.401852751428606
CV,192.168.31.21,Laptop,2024-07-05 17:44:28.798637,0.715439306107354,0.7866666666666666,0.42185275142860595
CV,192.168.31.21,Laptop,2024-07-05 17:44:29.328996,0.715439306107354,0.7866666666666666,0.44185275142860597
CV,192.168.31.21,Laptop,2024-07-05 17:44:29.855537,0.715439306107354,0.7733333333333333,0.4485194180952727
CV,192.168.31.21,Laptop,2024-07-05 17:44:30.380692,0.715439306107354,0.7733333333333333,0.46851941809527264
CV,192.168.31.21,Laptop,2024-07-05 17:44:30.901020,0.715439306107354,0.7733333333333333,0.48851941809527266
CV,192.168.31.21,Laptop,2024-07-05 17:44:31.427000,0.715439306107354,0.7733333333333333,0.5085194180952727
CV,192.168.31.21,Laptop,2024-07-05 17:44:31.950192,0.715439306107354,0.7866666666666666,0.541852751428606
CV,192.168.31.21,Laptop,2024-07-05 17:44:32.479131,0.715439306107354,0.7733333333333333,0.5485194180952727
CV,192.168.31.21,Laptop,2024-07-05 17:44:32.996689,0.715439306107354,0.7733333333333333,0.5685194180952727
CV,192.168.31.21,Laptop,2024-07-05 17:44:33.513566,0.715439306107354,0.7733333333333333,0.5885194180952728
CV,192.168.31.21,Laptop,2024-07-05 17:44:34.029132,0.715439306107354,0.7733333333333333,0.6085194180952728
CV,192.168.31.21,Laptop,2024-07-05 17:44:34.543258,0.715439306107354,0.76,0.6151860847619394
CV,192.168.31.21,Laptop,2024-07-05 17:44:35.057378,0.715439306107354,0.7466666666666667,0.6218527514286061
CV,192.168.31.21,Laptop,2024-07-05 17:44:36.668316,0.715439306107354,0.7466666666666667,0.6618527514286061
CV,192.168.31.21,Laptop,2024-07-05 17:44:38.471216,0.715439306107354,0.7466666666666667,0.7118527514286062
CV,192.168.31.21,Laptop,2024-07-05 17:44:40.005897,0.715439306107354,0.7333333333333333,0.7385194180952727
CV,192.168.31.21,Laptop,2024-07-05 17:44:41.740595,0.715439306107354,0.72,0.7551860847619394
CV,192.168.31.21,Laptop,2024-07-05 17:44:43.508697,0.715439306107354,0.7066666666666667,0.7893980303099807
CV,192.168.31.21,Laptop,2024-07-05 17:44:45.269870,0.715439306107354,0.7066666666666667,0.8293980303099806
CV,192.168.31.21,Laptop,2024-07-05 17:44:46.789436,0.715439306107354,0.7066666666666667,0.8793980303099806
CV,192.168.31.21,Laptop,2024-07-05 17:44:48.634021,0.715439306107354,0.7066666666666667,0.9293980303099807
CV,192.168.31.21,Laptop,2024-07-05 17:44:50.342847,0.715439306107354,0.6933333333333334,0.9827313636433139
CV,192.168.31.21,Laptop,2024-07-05 17:44:51.799688,0.715439306107354,0.68,1.0360646969766472
CV,192.168.31.21,Laptop,2024-07-05 17:44:54.299853,0.7399185348223876,0.68,0.06050026838841435
CV,192.168.31.21,Laptop,2024-07-05 17:44:56.268089,0.7399185348223876,0.6933333333333334,0.08716693505508104
CV,192.168.31.21,Laptop,2024-07-05 17:44:57.983547,0.7399185348223876,0.68,0.14050026838841434
CV,192.168.31.21,Laptop,2024-07-05 17:44:59.765271,0.7399185348223876,0.6933333333333334,0.17716693505508105
CV,192.168.31.21,Laptop,2024-07-05 17:45:01.546243,0.7399185348223876,0.6933333333333334,0.21716693505508103
CV,192.168.31.21,Laptop,2024-07-05 17:45:03.258582,0.7399185348223876,0.6933333333333334,0.25716693505508104
CV,192.168.31.21,Laptop,2024-07-05 17:45:05.130167,0.7399185348223876,0.6933333333333334,0.297166935055081
CV,192.168.31.21,Laptop,2024-07-05 17:45:06.970586,0.7399185348223876,0.7066666666666667,0.3373298654103058
CV,192.168.31.21,Laptop,2024-07-05 17:45:08.720042,0.7399185348223876,0.7066666666666667,0.3873298654103058
CV,192.168.31.21,Laptop,2024-07-05 17:45:10.402319,0.7399185348223876,0.7066666666666667,0.41732986541030576
CV,192.168.31.21,Laptop,2024-07-05 17:45:11.979304,0.7399185348223876,0.7066666666666667,0.4573298654103058
CV,192.168.31.21,Laptop,2024-07-05 17:45:13.888228,0.7399185348223876,0.7066666666666667,0.49732986541030577
CV,192.168.31.21,Laptop,2024-07-05 17:45:15.524953,0.7399185348223876,0.7066666666666667,0.5373298654103058
CV,192.168.31.21,Laptop,2024-07-05 17:45:17.282782,0.7399185348223876,0.7066666666666667,0.5773298654103057
CV,192.168.31.21,Laptop,2024-07-05 17:45:18.937522,0.7399185348223876,0.6933333333333334,0.627166935055081
CV,192.168.31.21,Laptop,2024-07-05 17:45:20.897693,0.7399185348223876,0.6933333333333334,0.6671669350550811
CV,192.168.31.21,Laptop,2024-07-05 17:45:22.683891,0.7399185348223876,0.6933333333333334,0.707166935055081
CV,192.168.31.21,Laptop,2024-07-05 17:45:24.472005,0.7399185348223876,0.6933333333333334,0.747166935055081
CV,192.168.31.21,Laptop,2024-07-05 17:45:26.041587,0.7399185348223876,0.7066666666666667,0.7873298654103058
CV,192.168.31.21,Laptop,2024-07-05 17:45:27.900242,0.7399185348223876,0.6933333333333334,0.827166935055081
CV,192.168.31.21,Laptop,2024-07-05 17:45:29.702201,0.7399185348223876,0.68,0.8905002683884143
CV,192.168.31.21,Laptop,2024-07-05 17:45:31.499923,0.7399185348223876,0.68,0.9305002683884144
CV,192.168.31.21,Laptop,2024-07-05 17:45:33.328906,0.7399185348223876,0.68,0.9705002683884143
CV,192.168.31.21,Laptop,2024-07-05 17:45:35.316896,0.7399185348223876,0.68,1.0105002683884143
CV,192.168.31.21,Laptop,2024-07-05 17:45:37.548094,0.6803335492046177,0.6666666666666666,0.05421095217886516
CV,192.168.31.21,Laptop,2024-07-05 17:45:39.514969,0.6803335492046177,0.68,0.08087761884553174
CV,192.168.31.21,Laptop,2024-07-05 17:45:41.363654,0.6803335492046177,0.68,0.12087761884553173
CV,192.168.31.21,Laptop,2024-07-05 17:45:42.965372,0.6803335492046177,0.68,0.17087761884553174
CV,192.168.31.21,Laptop,2024-07-05 17:45:44.756971,0.6803335492046177,0.6666666666666666,0.22421095217886514
CV,192.168.31.21,Laptop,2024-07-05 17:45:46.601910,0.6803335492046177,0.6666666666666666,0.26421095217886514
CV,192.168.31.21,Laptop,2024-07-05 17:45:48.336026,0.6803335492046177,0.6666666666666666,0.3042109521788651
CV,192.168.31.21,Laptop,2024-07-05 17:45:50.331038,0.6803335492046177,0.6666666666666666,0.34421095217886516
CV,192.168.31.21,Laptop,2024-07-05 17:45:51.904599,0.6803335492046177,0.6666666666666666,0.39421095217886515
CV,192.168.31.21,Laptop,2024-07-05 17:45:53.792033,0.6803335492046177,0.6666666666666666,0.43421095217886513
CV,192.168.31.21,Laptop,2024-07-05 17:45:55.498164,0.6803335492046177,0.68,0.46087761884553174
CV,192.168.31.21,Laptop,2024-07-05 17:45:57.108042,0.6803335492046177,0.68,0.5008776188455317
CV,192.168.31.21,Laptop,2024-07-05 17:45:59.054320,0.6803335492046177,0.68,0.5408776188455318
CV,192.168.31.21,Laptop,2024-07-05 17:46:00.907326,0.6803335492046177,0.68,0.5808776188455317
CV,192.168.31.21,Laptop,2024-07-05 17:46:02.486384,0.6803335492046177,0.68,0.6208776188455317
CV,192.168.31.21,Laptop,2024-07-05 17:46:04.220007,0.6803335492046177,0.6933333333333334,0.6835438537696297
CV,192.168.31.21,Laptop,2024-07-05 17:46:05.991788,0.6803335492046177,0.7066666666666667,0.7368771871029629
CV,192.168.31.21,Laptop,2024-07-05 17:46:07.579532,0.6803335492046177,0.6933333333333334,0.7635438537696296
CV,192.168.31.21,Laptop,2024-07-05 17:46:09.207038,0.6803335492046177,0.6933333333333334,0.8035438537696297
