service,ip,device_type,timestamp,cpu
CV,192.168.31.205,NX,2024-07-05 12:30:34.351143,14.0
CV,192.168.31.205,NX,2024-07-05 12:30:43.485369,0.0
CV,192.168.31.205,NX,2024-07-05 12:30:43.696117,41.7
CV,192.168.31.205,NX,2024-07-05 12:30:43.906760,18.9
CV,192.168.31.205,NX,2024-07-05 12:30:44.118116,6.3
CV,192.168.31.205,NX,2024-07-05 12:30:44.328689,7.8
CV,192.168.31.205,NX,2024-07-05 12:30:44.539704,14.5
CV,192.168.31.205,NX,2024-07-05 12:30:44.751208,7.2
CV,192.168.31.205,NX,2024-07-05 12:30:44.962454,7.1
CV,192.168.31.205,NX,2024-07-05 12:30:45.173454,9.7
CV,192.168.31.205,NX,2024-07-05 12:30:45.385849,12.4
CV,192.168.31.205,NX,2024-07-05 12:30:45.597188,8.1
CV,192.168.31.205,NX,2024-07-05 12:30:45.809069,10.9
CV,192.168.31.205,NX,2024-07-05 12:30:46.023541,7.0
CV,192.168.31.205,NX,2024-07-05 12:30:46.234879,7.3
CV,192.168.31.205,NX,2024-07-05 12:30:46.445767,15.7
CV,192.168.31.205,NX,2024-07-05 12:30:46.658313,9.9
CV,192.168.31.205,NX,2024-07-05 12:30:46.871294,7.4
CV,192.168.31.205,NX,2024-07-05 12:30:47.082546,7.2
CV,192.168.31.205,NX,2024-07-05 12:30:47.292897,9.1
CV,192.168.31.205,NX,2024-07-05 12:30:47.503883,15.3
CV,192.168.31.205,NX,2024-07-05 12:30:47.715115,7.1
CV,192.168.31.205,NX,2024-07-05 12:30:47.928940,9.4
CV,192.168.31.205,NX,2024-07-05 12:30:48.140665,9.4
CV,192.168.31.205,NX,2024-07-05 12:30:48.351476,8.9
CV,192.168.31.205,NX,2024-07-05 12:30:48.562004,12.5
CV,192.168.31.205,NX,2024-07-05 12:30:48.773246,6.6
CV,192.168.31.205,NX,2024-07-05 12:30:48.985796,5.6
CV,192.168.31.205,NX,2024-07-05 12:30:49.198956,10.2
CV,192.168.31.205,NX,2024-07-05 12:30:49.409554,14.4
CV,192.168.31.205,NX,2024-07-05 12:30:49.619625,8.1
CV,192.168.31.205,NX,2024-07-05 12:30:49.830947,13.7
CV,192.168.31.205,NX,2024-07-05 12:30:50.042705,7.1
CV,192.168.31.205,NX,2024-07-05 12:30:50.254266,7.9
CV,192.168.31.205,NX,2024-07-05 12:30:50.466129,19.4
CV,192.168.31.205,NX,2024-07-05 12:30:50.679217,7.8
CV,192.168.31.205,NX,2024-07-05 12:30:50.889957,7.4
CV,192.168.31.205,NX,2024-07-05 12:30:51.101019,10.2
CV,192.168.31.205,NX,2024-07-05 12:30:51.313265,6.2
CV,192.168.31.205,NX,2024-07-05 12:30:51.525674,14.6
CV,192.168.31.205,NX,2024-07-05 12:30:51.736896,10.2
CV,192.168.31.205,NX,2024-07-05 12:30:51.947886,6.5
CV,192.168.31.205,NX,2024-07-05 12:30:52.162586,7.7
CV,192.168.31.205,NX,2024-07-05 12:30:52.375326,15.0
CV,192.168.31.205,NX,2024-07-05 12:30:52.588776,10.7
CV,192.168.31.205,NX,2024-07-05 12:30:52.800012,8.9
CV,192.168.31.205,NX,2024-07-05 12:30:53.011255,11.1
CV,192.168.31.205,NX,2024-07-05 12:30:53.222087,9.3
CV,192.168.31.205,NX,2024-07-05 12:30:53.432534,13.2
CV,192.168.31.205,NX,2024-07-05 12:30:53.643615,11.7
CV,192.168.31.205,NX,2024-07-05 12:30:53.856260,7.8
CV,192.168.31.205,NX,2024-07-05 12:30:54.067451,8.7
CV,192.168.31.205,NX,2024-07-05 12:30:54.278193,11.0
CV,192.168.31.205,NX,2024-07-05 12:30:54.490426,15.0
CV,192.168.31.205,NX,2024-07-05 12:30:54.703272,9.9
CV,192.168.31.205,NX,2024-07-05 12:30:54.914864,14.5
CV,192.168.31.205,NX,2024-07-05 12:30:55.124866,7.1
CV,192.168.31.205,NX,2024-07-05 12:30:55.336030,7.9
CV,192.168.31.205,NX,2024-07-05 12:30:55.546918,14.5
CV,192.168.31.205,NX,2024-07-05 12:30:55.758310,9.3
CV,192.168.31.205,NX,2024-07-05 12:30:55.969453,9.6
CV,192.168.31.205,NX,2024-07-05 12:30:56.180885,10.9
CV,192.168.31.205,NX,2024-07-05 12:30:56.391950,12.6
CV,192.168.31.205,NX,2024-07-05 12:30:56.608888,12.9
CV,192.168.31.205,NX,2024-07-05 12:30:56.820172,9.4
CV,192.168.31.205,NX,2024-07-05 12:30:57.031340,7.9
CV,192.168.31.205,NX,2024-07-05 12:30:57.242485,10.4
CV,192.168.31.205,NX,2024-07-05 12:30:57.453100,16.4
CV,192.168.31.205,NX,2024-07-05 12:30:57.664142,6.5
CV,192.168.31.205,NX,2024-07-05 12:30:57.875592,9.0
CV,192.168.31.205,NX,2024-07-05 12:30:58.087368,11.3
CV,192.168.31.205,NX,2024-07-05 12:30:58.299111,8.0
CV,192.168.31.205,NX,2024-07-05 12:30:58.509706,15.6
CV,192.168.31.205,NX,2024-07-05 12:30:58.720916,11.6
CV,192.168.31.205,NX,2024-07-05 12:30:58.933146,7.9
CV,192.168.31.205,NX,2024-07-05 12:30:59.144797,8.6
CV,192.168.31.205,NX,2024-07-05 12:30:59.358063,11.0
CV,192.168.31.205,NX,2024-07-05 12:30:59.569710,12.3
CV,192.168.31.205,NX,2024-07-05 12:30:59.782322,7.8
CV,192.168.31.205,NX,2024-07-05 12:30:59.995722,11.4
CV,192.168.31.205,NX,2024-07-05 12:31:00.211721,10.8
CV,192.168.31.205,NX,2024-07-05 12:31:00.422364,14.5
CV,192.168.31.205,NX,2024-07-05 12:31:00.635619,10.9
CV,192.168.31.205,NX,2024-07-05 12:31:00.847845,8.4
CV,192.168.31.205,NX,2024-07-05 12:31:01.060710,8.5
CV,192.168.31.205,NX,2024-07-05 12:31:01.274300,10.2
CV,192.168.31.205,NX,2024-07-05 12:31:01.488920,15.2
CV,192.168.31.205,NX,2024-07-05 12:31:01.702319,9.8
CV,192.168.31.205,NX,2024-07-05 12:31:01.915532,9.9
CV,192.168.31.205,NX,2024-07-05 12:31:02.129245,7.2
CV,192.168.31.205,NX,2024-07-05 12:31:02.343054,10.7
CV,192.168.31.205,NX,2024-07-05 12:31:02.557163,14.7
CV,192.168.31.205,NX,2024-07-05 12:31:02.771629,11.0
CV,192.168.31.205,NX,2024-07-05 12:31:02.983436,8.7
CV,192.168.31.205,NX,2024-07-05 12:31:03.195441,11.5
CV,192.168.31.205,NX,2024-07-05 12:31:03.407225,13.4
CV,192.168.31.205,NX,2024-07-05 12:31:03.620800,8.7
CV,192.168.31.205,NX,2024-07-05 12:31:03.835884,8.7
CV,192.168.31.205,NX,2024-07-05 12:31:04.047965,9.6
CV,192.168.31.205,NX,2024-07-05 12:31:04.261163,6.5
CV,192.168.31.205,NX,2024-07-05 12:31:04.471499,17.1
CV,192.168.31.205,NX,2024-07-05 12:31:04.685564,9.2
CV,192.168.31.205,NX,2024-07-05 12:31:04.901152,9.4
CV,192.168.31.205,NX,2024-07-05 12:31:05.116430,7.1
CV,192.168.31.205,NX,2024-07-05 12:31:05.327023,6.6
CV,192.168.31.205,NX,2024-07-05 12:31:05.539439,16.9
CV,192.168.31.205,NX,2024-07-05 12:31:05.750651,9.6
CV,192.168.31.205,NX,2024-07-05 12:31:05.961455,9.4
CV,192.168.31.205,NX,2024-07-05 12:31:06.175307,8.5
CV,192.168.31.205,NX,2024-07-05 12:31:06.386588,14.3
CV,192.168.31.205,NX,2024-07-05 12:31:06.598534,9.7
CV,192.168.31.205,NX,2024-07-05 12:31:06.809707,7.9
CV,192.168.31.205,NX,2024-07-05 12:31:07.020743,12.6
CV,192.168.31.205,NX,2024-07-05 12:31:07.231527,9.2
CV,192.168.31.205,NX,2024-07-05 12:31:07.446389,14.3
CV,192.168.31.205,NX,2024-07-05 12:31:07.659676,9.2
CV,192.168.31.205,NX,2024-07-05 12:31:07.871345,8.7
CV,192.168.31.205,NX,2024-07-05 12:31:08.082393,6.4
CV,192.168.31.205,NX,2024-07-05 12:31:08.293393,11.1
CV,192.168.31.205,NX,2024-07-05 12:31:08.504300,14.4
CV,192.168.31.205,NX,2024-07-05 12:31:08.714892,9.8
CV,192.168.31.205,NX,2024-07-05 12:31:08.926315,8.4
CV,192.168.31.205,NX,2024-07-05 12:31:09.139424,6.3
CV,192.168.31.205,NX,2024-07-05 12:31:09.350618,10.7
CV,192.168.31.205,NX,2024-07-05 12:31:09.561714,15.4
CV,192.168.31.205,NX,2024-07-05 12:31:09.772716,7.2
CV,192.168.31.205,NX,2024-07-05 12:31:09.984324,10.0
CV,192.168.31.205,NX,2024-07-05 12:31:10.195681,9.4
CV,192.168.31.205,NX,2024-07-05 12:31:10.407149,12.0
CV,192.168.31.205,NX,2024-07-05 12:31:10.620385,10.0
CV,192.168.31.205,NX,2024-07-05 12:31:10.831307,14.0
CV,192.168.31.205,NX,2024-07-05 12:31:11.044433,8.5
CV,192.168.31.205,NX,2024-07-05 12:31:11.261344,7.6
CV,192.168.31.205,NX,2024-07-05 12:31:11.473554,16.7
CV,192.168.31.205,NX,2024-07-05 12:31:11.686224,7.4
CV,192.168.31.205,NX,2024-07-05 12:31:11.897719,7.1
CV,192.168.31.205,NX,2024-07-05 12:31:12.108666,10.4
CV,192.168.31.205,NX,2024-07-05 12:31:12.319896,10.0
CV,192.168.31.205,NX,2024-07-05 12:31:12.534003,15.1
CV,192.168.31.205,NX,2024-07-05 12:31:12.746239,9.4
CV,192.168.31.205,NX,2024-07-05 12:31:12.960323,6.2
CV,192.168.31.205,NX,2024-07-05 12:31:13.172181,9.5
CV,192.168.31.205,NX,2024-07-05 12:31:13.382552,12.0
CV,192.168.31.205,NX,2024-07-05 12:31:13.593186,7.4
CV,192.168.31.205,NX,2024-07-05 12:31:13.807302,8.5
CV,192.168.31.205,NX,2024-07-05 12:31:14.017730,11.0
CV,192.168.31.205,NX,2024-07-05 12:31:14.228854,5.6
CV,192.168.31.205,NX,2024-07-05 12:31:14.439209,13.8
CV,192.168.31.205,NX,2024-07-05 12:31:14.650957,11.0
CV,192.168.31.205,NX,2024-07-05 12:31:14.861869,6.5
CV,192.168.31.205,NX,2024-07-05 12:31:15.073194,8.7
CV,192.168.31.205,NX,2024-07-05 12:31:15.287629,9.4
CV,192.168.31.205,NX,2024-07-05 12:31:15.499424,15.9
CV,192.168.31.205,NX,2024-07-05 12:31:15.712095,6.3
CV,192.168.31.205,NX,2024-07-05 12:31:15.923452,10.5
CV,192.168.31.205,NX,2024-07-05 12:31:16.134923,10.9
CV,192.168.31.205,NX,2024-07-05 12:31:16.346365,9.4
CV,192.168.31.205,NX,2024-07-05 12:31:16.557729,13.4
CV,192.168.31.205,NX,2024-07-05 12:31:16.769010,10.1
CV,192.168.31.205,NX,2024-07-05 12:31:16.979926,6.6
CV,192.168.31.205,NX,2024-07-05 12:31:17.191277,7.9
CV,192.168.31.205,NX,2024-07-05 12:31:17.403669,13.4
CV,192.168.31.205,NX,2024-07-05 12:31:17.613565,9.6
CV,192.168.31.205,NX,2024-07-05 12:31:17.826260,9.2
CV,192.168.31.205,NX,2024-07-05 12:31:18.037622,10.2
CV,192.168.31.205,NX,2024-07-05 12:31:18.250920,6.3
CV,192.168.31.205,NX,2024-07-05 12:31:18.461562,17.1
CV,192.168.31.205,NX,2024-07-05 12:31:18.673044,12.5
CV,192.168.31.205,NX,2024-07-05 12:31:18.883596,8.7
CV,192.168.31.205,NX,2024-07-05 12:31:19.094396,6.3
CV,192.168.31.205,NX,2024-07-05 12:31:19.305487,10.2
CV,192.168.31.205,NX,2024-07-05 12:31:19.517111,16.5
CV,192.168.31.205,NX,2024-07-05 12:31:19.728441,6.5
CV,192.168.31.205,NX,2024-07-05 12:31:19.941056,10.2
CV,192.168.31.205,NX,2024-07-05 12:31:20.151594,8.8
CV,192.168.31.205,NX,2024-07-05 12:31:20.362370,7.3
CV,192.168.31.205,NX,2024-07-05 12:31:20.574280,15.0
CV,192.168.31.205,NX,2024-07-05 12:31:20.784679,7.9
CV,192.168.31.205,NX,2024-07-05 12:31:20.996230,7.9
CV,192.168.31.205,NX,2024-07-05 12:31:21.207433,12.6
CV,192.168.31.205,NX,2024-07-05 12:31:21.417953,11.2
CV,192.168.31.205,NX,2024-07-05 12:31:21.629046,11.8
CV,192.168.31.205,NX,2024-07-05 12:31:21.839163,8.2
CV,192.168.31.205,NX,2024-07-05 12:31:22.051632,6.8
CV,192.168.31.205,NX,2024-07-05 12:31:22.263980,5.7
CV,192.168.31.205,NX,2024-07-05 12:31:22.475124,19.4
CV,192.168.31.205,NX,2024-07-05 12:31:22.691024,11.1
CV,192.168.31.205,NX,2024-07-05 12:31:22.904786,8.7
CV,192.168.31.205,NX,2024-07-05 12:31:23.119179,12.7
CV,192.168.31.205,NX,2024-07-05 12:31:23.330317,7.8
CV,192.168.31.205,NX,2024-07-05 12:31:23.541745,13.6
CV,192.168.31.205,NX,2024-07-05 12:31:23.752887,11.9
CV,192.168.31.205,NX,2024-07-05 12:31:23.964982,9.8
CV,192.168.31.205,NX,2024-07-05 12:31:24.176758,8.0
CV,192.168.31.205,NX,2024-07-05 12:31:24.388168,11.8
CV,192.168.31.205,NX,2024-07-05 12:31:24.599442,12.7
CV,192.168.31.205,NX,2024-07-05 12:31:24.810571,9.2
CV,192.168.31.205,NX,2024-07-05 12:31:25.022243,8.9
CV,192.168.31.205,NX,2024-07-05 12:31:25.236256,7.8
CV,192.168.31.205,NX,2024-07-05 12:31:25.449851,13.4
CV,192.168.31.205,NX,2024-07-05 12:31:25.663445,9.8
CV,192.168.31.205,NX,2024-07-05 12:31:25.879055,9.1
CV,192.168.31.205,NX,2024-07-05 12:31:26.098636,12.9
CV,192.168.31.205,NX,2024-07-05 12:31:26.315194,12.9
CV,192.168.31.205,NX,2024-07-05 12:31:26.529068,13.8
CV,192.168.31.205,NX,2024-07-05 12:31:26.743649,9.2
CV,192.168.31.205,NX,2024-07-05 12:31:26.959204,10.2
CV,192.168.31.205,NX,2024-07-05 12:31:27.172290,6.6
CV,192.168.31.205,NX,2024-07-05 12:31:27.385409,10.2
CV,192.168.31.205,NX,2024-07-05 12:31:27.600202,16.7
CV,192.168.31.205,NX,2024-07-05 12:31:27.811347,7.3
CV,192.168.31.205,NX,2024-07-05 12:31:28.023335,9.8
CV,192.168.31.205,NX,2024-07-05 12:31:28.236709,10.4
CV,192.168.31.205,NX,2024-07-05 12:31:28.447672,12.2
CV,192.168.31.205,NX,2024-07-05 12:31:28.659025,9.5
CV,192.168.31.205,NX,2024-07-05 12:31:28.871043,10.2
CV,192.168.31.205,NX,2024-07-05 12:31:29.081578,6.3
CV,192.168.31.205,NX,2024-07-05 12:31:29.292948,7.8
CV,192.168.31.205,NX,2024-07-05 12:31:29.504128,17.4
CV,192.168.31.205,NX,2024-07-05 12:31:29.715119,8.5
CV,192.168.31.205,NX,2024-07-05 12:31:29.926004,9.5
CV,192.168.31.205,NX,2024-07-05 12:31:30.137983,10.3
CV,192.168.31.205,NX,2024-07-05 12:31:30.350049,6.3
CV,192.168.31.205,NX,2024-07-05 12:31:30.562596,16.0
CV,192.168.31.205,NX,2024-07-05 12:31:30.776868,11.3
CV,192.168.31.205,NX,2024-07-05 12:31:30.992267,7.4
CV,192.168.31.205,NX,2024-07-05 12:31:31.203562,10.2
CV,192.168.31.205,NX,2024-07-05 12:31:31.415744,13.5
CV,192.168.31.205,NX,2024-07-05 12:31:31.626914,9.8
CV,192.168.31.205,NX,2024-07-05 12:31:31.837806,6.5
CV,192.168.31.205,NX,2024-07-05 12:31:32.051993,10.3
CV,192.168.31.205,NX,2024-07-05 12:31:32.263989,8.5
CV,192.168.31.205,NX,2024-07-05 12:31:32.474865,16.7
CV,192.168.31.205,NX,2024-07-05 12:31:32.686524,9.6
CV,192.168.31.205,NX,2024-07-05 12:31:32.897620,6.3
CV,192.168.31.205,NX,2024-07-05 12:31:33.110440,10.1
CV,192.168.31.205,NX,2024-07-05 12:31:33.322013,7.4
CV,192.168.31.205,NX,2024-07-05 12:31:33.535315,15.9
CV,192.168.31.205,NX,2024-07-05 12:31:33.747424,8.0
CV,192.168.31.205,NX,2024-07-05 12:31:33.959280,11.6
CV,192.168.31.205,NX,2024-07-05 12:31:34.171878,7.9
CV,192.168.31.205,NX,2024-07-05 12:31:34.384560,10.6
CV,192.168.31.205,NX,2024-07-05 12:31:34.597765,15.4
CV,192.168.31.205,NX,2024-07-05 12:31:34.808570,8.0
CV,192.168.31.205,NX,2024-07-05 12:31:35.020381,9.2
CV,192.168.31.205,NX,2024-07-05 12:31:35.234894,11.9
CV,192.168.31.205,NX,2024-07-05 12:31:35.449320,12.4
CV,192.168.31.205,NX,2024-07-05 12:31:35.662493,11.6
CV,192.168.31.205,NX,2024-07-05 12:31:35.881329,11.7
CV,192.168.31.205,NX,2024-07-05 12:31:36.099513,9.6
CV,192.168.31.205,NX,2024-07-05 12:31:36.311869,8.4
CV,192.168.31.205,NX,2024-07-05 12:31:36.524388,14.8
CV,192.168.31.205,NX,2024-07-05 12:31:36.737504,7.1
CV,192.168.31.205,NX,2024-07-05 12:31:36.948924,8.0
CV,192.168.31.205,NX,2024-07-05 12:31:37.163331,8.5
CV,192.168.31.205,NX,2024-07-05 12:31:37.378199,8.6
CV,192.168.31.205,NX,2024-07-05 12:31:37.593448,14.1
CV,192.168.31.205,NX,2024-07-05 12:31:37.809095,13.8
CV,192.168.31.205,NX,2024-07-05 12:31:38.022587,7.1
CV,192.168.31.205,NX,2024-07-05 12:31:38.238014,7.7
CV,192.168.31.205,NX,2024-07-05 12:31:38.451240,15.1
CV,192.168.31.205,NX,2024-07-05 12:31:38.662375,8.3
CV,192.168.31.205,NX,2024-07-05 12:31:38.879648,9.8
CV,192.168.31.205,NX,2024-07-05 12:31:39.093741,9.3
CV,192.168.31.205,NX,2024-07-05 12:31:39.309462,9.0
CV,192.168.31.205,NX,2024-07-05 12:31:39.520693,13.9
CV,192.168.31.205,NX,2024-07-05 12:31:39.731429,11.0
CV,192.168.31.205,NX,2024-07-05 12:31:39.942863,6.1
CV,192.168.31.205,NX,2024-07-05 12:31:40.156204,7.2
CV,192.168.31.205,NX,2024-07-05 12:31:40.368301,11.6
CV,192.168.31.205,NX,2024-07-05 12:31:40.582195,14.3
CV,192.168.31.205,NX,2024-07-05 12:31:40.794092,7.3
CV,192.168.31.205,NX,2024-07-05 12:31:41.005670,11.6
CV,192.168.31.205,NX,2024-07-05 12:31:41.217512,7.1
CV,192.168.31.205,NX,2024-07-05 12:31:41.428535,12.7
CV,192.168.31.205,NX,2024-07-05 12:31:41.639877,14.5
CV,192.168.31.205,NX,2024-07-05 12:31:41.851264,8.5
CV,192.168.31.205,NX,2024-07-05 12:31:42.062709,7.4
CV,192.168.31.205,NX,2024-07-05 12:31:42.277539,10.8
CV,192.168.31.205,NX,2024-07-05 12:31:42.488664,13.5
CV,192.168.31.205,NX,2024-07-05 12:31:42.703043,10.2
CV,192.168.31.205,NX,2024-07-05 12:31:42.915277,7.6
CV,192.168.31.205,NX,2024-07-05 12:31:43.127075,6.4
CV,192.168.31.205,NX,2024-07-05 12:31:43.341141,9.8
CV,192.168.31.205,NX,2024-07-05 12:31:43.553938,15.2
CV,192.168.31.205,NX,2024-07-05 12:31:43.765190,8.7
CV,192.168.31.205,NX,2024-07-05 12:31:43.976735,6.9
CV,192.168.31.205,NX,2024-07-05 12:31:44.188318,8.9
CV,192.168.31.205,NX,2024-07-05 12:31:44.399486,10.0
CV,192.168.31.205,NX,2024-07-05 12:31:44.610014,12.0
CV,192.168.31.205,NX,2024-07-05 12:31:44.824243,8.5
CV,192.168.31.205,NX,2024-07-05 12:31:45.037145,7.2
CV,192.168.31.205,NX,2024-07-05 12:31:45.357261,30.6
CV,192.168.31.205,NX,2024-07-05 12:31:45.567918,10.7
CV,192.168.31.205,NX,2024-07-05 12:31:45.779638,9.3
CV,192.168.31.205,NX,2024-07-05 12:31:45.990675,11.4
CV,192.168.31.205,NX,2024-07-05 12:31:46.200329,6.7
CV,192.168.31.205,NX,2024-07-05 12:31:46.410720,8.1
CV,192.168.31.205,NX,2024-07-05 12:31:46.622079,12.0
CV,192.168.31.205,NX,2024-07-05 12:31:46.833150,8.1
CV,192.168.31.205,NX,2024-07-05 12:31:47.044032,10.1
CV,192.168.31.205,NX,2024-07-05 12:31:47.254785,7.8
CV,192.168.31.205,NX,2024-07-05 12:31:47.464273,14.4
CV,192.168.31.205,NX,2024-07-05 12:31:47.677405,9.1
CV,192.168.31.205,NX,2024-07-05 12:31:47.889507,8.9
CV,192.168.31.205,NX,2024-07-05 12:31:48.102954,10.2
CV,192.168.31.205,NX,2024-07-05 12:31:48.314505,7.9
CV,192.168.31.205,NX,2024-07-05 12:31:48.527473,16.3
CV,192.168.31.205,NX,2024-07-05 12:31:48.738995,9.3
CV,192.168.31.205,NX,2024-07-05 12:31:48.950591,7.3
CV,192.168.31.205,NX,2024-07-05 12:31:49.162295,5.6
CV,192.168.31.205,NX,2024-07-05 12:31:49.373713,10.3
CV,192.168.31.205,NX,2024-07-05 12:31:49.585373,14.2
CV,192.168.31.205,NX,2024-07-05 12:31:49.796583,7.3
CV,192.168.31.205,NX,2024-07-05 12:31:50.008205,9.9
CV,192.168.31.205,NX,2024-07-05 12:31:50.223348,8.7
CV,192.168.31.205,NX,2024-07-05 12:31:50.434464,11.0
CV,192.168.31.205,NX,2024-07-05 12:31:50.647540,14.1
CV,192.168.31.205,NX,2024-07-05 12:31:50.858925,7.8
CV,192.168.31.205,NX,2024-07-05 12:31:51.072196,6.3
CV,192.168.31.205,NX,2024-07-05 12:31:51.284402,10.4
CV,192.168.31.205,NX,2024-07-05 12:31:51.495484,15.5
CV,192.168.31.205,NX,2024-07-05 12:31:51.707434,8.7
CV,192.168.31.205,NX,2024-07-05 12:31:51.921119,10.9
CV,192.168.31.205,NX,2024-07-05 12:31:52.132158,8.0
CV,192.168.31.205,NX,2024-07-05 12:31:52.345903,9.8
CV,192.168.31.205,NX,2024-07-05 12:31:52.560964,18.5
CV,192.168.31.205,NX,2024-07-05 12:31:52.775436,9.0
CV,192.168.31.205,NX,2024-07-05 12:31:52.992183,9.3
CV,192.168.31.205,NX,2024-07-05 12:31:53.206058,9.4
CV,192.168.31.205,NX,2024-07-05 12:31:53.425438,13.0
CV,192.168.31.205,NX,2024-07-05 12:31:53.640118,12.4
CV,192.168.31.205,NX,2024-07-05 12:31:53.852186,11.1
CV,192.168.31.205,NX,2024-07-05 12:31:54.066558,8.5
CV,192.168.31.205,NX,2024-07-05 12:31:54.280102,9.2
CV,192.168.31.205,NX,2024-07-05 12:31:54.490749,17.1
CV,192.168.31.205,NX,2024-07-05 12:31:54.702704,10.6
CV,192.168.31.205,NX,2024-07-05 12:31:54.915161,7.7
CV,192.168.31.205,NX,2024-07-05 12:31:55.127165,11.8
CV,192.168.31.205,NX,2024-07-05 12:31:55.342471,8.5
CV,192.168.31.205,NX,2024-07-05 12:31:55.557452,14.7
CV,192.168.31.205,NX,2024-07-05 12:31:55.772945,12.6
CV,192.168.31.205,NX,2024-07-05 12:31:55.984219,8.6
CV,192.168.31.205,NX,2024-07-05 12:31:56.196434,8.1
CV,192.168.31.205,NX,2024-07-05 12:31:56.409390,11.5
CV,192.168.31.205,NX,2024-07-05 12:31:56.625242,13.3
CV,192.168.31.205,NX,2024-07-05 12:31:56.837255,10.9
CV,192.168.31.205,NX,2024-07-05 12:31:57.053832,6.9
CV,192.168.31.205,NX,2024-07-05 12:31:57.265360,6.7
CV,192.168.31.205,NX,2024-07-05 12:31:57.475733,10.6
CV,192.168.31.205,NX,2024-07-05 12:31:57.687396,11.1
CV,192.168.31.205,NX,2024-07-05 12:31:57.899756,7.1
CV,192.168.31.205,NX,2024-07-05 12:31:58.113358,7.8
CV,192.168.31.205,NX,2024-07-05 12:31:58.326398,9.4
CV,192.168.31.205,NX,2024-07-05 12:31:58.537155,13.0
CV,192.168.31.205,NX,2024-07-05 12:31:58.753080,7.9
CV,192.168.31.205,NX,2024-07-05 12:31:58.964525,11.8
CV,192.168.31.205,NX,2024-07-05 12:31:59.175669,9.2
CV,192.168.31.205,NX,2024-07-05 12:31:59.387234,9.4
CV,192.168.31.205,NX,2024-07-05 12:31:59.598454,16.5
CV,192.168.31.205,NX,2024-07-05 12:31:59.810593,7.7
CV,192.168.31.205,NX,2024-07-05 12:32:00.021936,6.5
CV,192.168.31.205,NX,2024-07-05 12:32:00.237676,13.1
CV,192.168.31.205,NX,2024-07-05 12:32:00.449051,11.8
CV,192.168.31.205,NX,2024-07-05 12:32:00.661454,11.7
CV,192.168.31.205,NX,2024-07-05 12:32:00.872630,9.6
CV,192.168.31.205,NX,2024-07-05 12:32:01.083750,7.8
CV,192.168.31.205,NX,2024-07-05 12:32:01.294563,8.6
CV,192.168.31.205,NX,2024-07-05 12:32:01.505499,18.7
CV,192.168.31.205,NX,2024-07-05 12:32:01.718739,7.8
CV,192.168.31.205,NX,2024-07-05 12:32:01.933428,9.3
CV,192.168.31.205,NX,2024-07-05 12:32:02.144887,12.0
CV,192.168.31.205,NX,2024-07-05 12:32:02.356369,6.9
CV,192.168.31.205,NX,2024-07-05 12:32:02.570341,15.7
CV,192.168.31.205,NX,2024-07-05 12:32:02.786024,10.1
CV,192.168.31.205,NX,2024-07-05 12:32:02.999594,5.6
CV,192.168.31.205,NX,2024-07-05 12:32:03.215814,10.1
CV,192.168.31.205,NX,2024-07-05 12:32:03.427346,11.9
CV,192.168.31.205,NX,2024-07-05 12:32:03.637678,8.9
CV,192.168.31.205,NX,2024-07-05 12:32:03.849790,9.2
CV,192.168.31.205,NX,2024-07-05 12:32:04.061020,9.7
CV,192.168.31.205,NX,2024-07-05 12:32:04.274663,7.0
CV,192.168.31.205,NX,2024-07-05 12:32:04.485961,16.5
CV,192.168.31.205,NX,2024-07-05 12:32:04.697351,10.2
CV,192.168.31.205,NX,2024-07-05 12:32:04.909200,9.4
CV,192.168.31.205,NX,2024-07-05 12:32:05.122817,8.4
CV,192.168.31.205,NX,2024-07-05 12:32:05.334095,7.4
CV,192.168.31.205,NX,2024-07-05 12:32:05.545039,14.7
CV,192.168.31.205,NX,2024-07-05 12:32:05.755643,8.7
CV,192.168.31.205,NX,2024-07-05 12:32:05.967434,10.3
CV,192.168.31.205,NX,2024-07-05 12:32:06.178479,8.7
CV,192.168.31.205,NX,2024-07-05 12:32:06.389125,8.4
CV,192.168.31.205,NX,2024-07-05 12:32:06.600803,14.0
CV,192.168.31.205,NX,2024-07-05 12:32:06.814196,7.0
CV,192.168.31.205,NX,2024-07-05 12:32:07.029497,7.8
CV,192.168.31.205,NX,2024-07-05 12:32:07.241011,8.8
CV,192.168.31.205,NX,2024-07-05 12:32:07.456230,12.1
CV,192.168.31.205,NX,2024-07-05 12:32:07.671777,12.3
CV,192.168.31.205,NX,2024-07-05 12:32:07.885777,9.9
CV,192.168.31.205,NX,2024-07-05 12:32:08.103125,10.2
CV,192.168.31.205,NX,2024-07-05 12:32:08.318641,9.4
CV,192.168.31.205,NX,2024-07-05 12:32:08.531147,19.0
CV,192.168.31.205,NX,2024-07-05 12:32:08.742459,8.0
CV,192.168.31.205,NX,2024-07-05 12:32:08.954101,9.3
CV,192.168.31.205,NX,2024-07-05 12:32:09.165237,8.7
CV,192.168.31.205,NX,2024-07-05 12:32:09.378191,8.6
CV,192.168.31.205,NX,2024-07-05 12:32:09.589536,12.9
CV,192.168.31.205,NX,2024-07-05 12:32:09.800849,10.2
CV,192.168.31.205,NX,2024-07-05 12:32:10.015525,7.7
CV,192.168.31.205,NX,2024-07-05 12:32:10.227014,8.3
CV,192.168.31.205,NX,2024-07-05 12:32:10.438647,12.4
CV,192.168.31.205,NX,2024-07-05 12:32:10.652585,13.0
CV,192.168.31.205,NX,2024-07-05 12:32:10.869691,9.4
CV,192.168.31.205,NX,2024-07-05 12:32:11.083673,10.9
CV,192.168.31.205,NX,2024-07-05 12:32:11.297774,7.0
CV,192.168.31.205,NX,2024-07-05 12:32:11.509806,15.6
CV,192.168.31.205,NX,2024-07-05 12:32:11.720954,8.0
CV,192.168.31.205,NX,2024-07-05 12:32:11.931962,7.0
CV,192.168.31.205,NX,2024-07-05 12:32:12.144605,9.3
CV,192.168.31.205,NX,2024-07-05 12:32:12.355998,11.0
CV,192.168.31.205,NX,2024-07-05 12:32:12.566633,14.3
CV,192.168.31.205,NX,2024-07-05 12:32:12.777394,7.9
CV,192.168.31.205,NX,2024-07-05 12:32:12.989012,12.6
CV,192.168.31.205,NX,2024-07-05 12:32:13.199821,10.2
CV,192.168.31.205,NX,2024-07-05 12:32:13.411500,5.6
CV,192.168.31.205,NX,2024-07-05 12:32:13.622629,15.9
CV,192.168.31.205,NX,2024-07-05 12:32:13.835487,8.4
CV,192.168.31.205,NX,2024-07-05 12:32:14.046559,7.4
CV,192.168.31.205,NX,2024-07-05 12:32:14.257313,10.9
CV,192.168.31.205,NX,2024-07-05 12:32:14.474865,13.7
CV,192.168.31.205,NX,2024-07-05 12:32:14.689558,9.6
CV,192.168.31.205,NX,2024-07-05 12:32:14.903134,8.3
CV,192.168.31.205,NX,2024-07-05 12:32:15.118664,7.1
CV,192.168.31.205,NX,2024-07-05 12:32:15.330264,8.7
CV,192.168.31.205,NX,2024-07-05 12:32:15.541101,16.7
CV,192.168.31.205,NX,2024-07-05 12:32:15.752021,8.0
CV,192.168.31.205,NX,2024-07-05 12:32:15.965486,9.1
CV,192.168.31.205,NX,2024-07-05 12:32:16.177958,9.8
CV,192.168.31.205,NX,2024-07-05 12:32:16.391866,9.4
CV,192.168.31.205,NX,2024-07-05 12:32:16.608319,16.5
CV,192.168.31.205,NX,2024-07-05 12:32:16.821535,10.4
CV,192.168.31.205,NX,2024-07-05 12:32:17.033269,8.0
CV,192.168.31.205,NX,2024-07-05 12:32:17.244079,5.7
CV,192.168.31.205,NX,2024-07-05 12:32:17.454691,13.8
CV,192.168.31.205,NX,2024-07-05 12:32:17.666785,8.8
CV,192.168.31.205,NX,2024-07-05 12:32:17.879760,9.2
CV,192.168.31.205,NX,2024-07-05 12:32:18.090210,10.5
CV,192.168.31.205,NX,2024-07-05 12:32:18.301355,8.0
CV,192.168.31.205,NX,2024-07-05 12:32:18.511622,14.6
CV,192.168.31.205,NX,2024-07-05 12:32:18.722472,10.1
CV,192.168.31.205,NX,2024-07-05 12:32:18.938155,7.6
CV,192.168.31.205,NX,2024-07-05 12:32:19.157740,8.4
CV,192.168.31.205,NX,2024-07-05 12:32:19.368755,10.9
CV,192.168.31.205,NX,2024-07-05 12:32:19.579484,15.4
CV,192.168.31.205,NX,2024-07-05 12:32:19.790939,10.9
CV,192.168.31.205,NX,2024-07-05 12:32:20.002317,11.0
CV,192.168.31.205,NX,2024-07-05 12:32:20.213987,6.3
CV,192.168.31.205,NX,2024-07-05 12:32:20.426677,9.2
CV,192.168.31.205,NX,2024-07-05 12:32:20.637920,13.8
CV,192.168.31.205,NX,2024-07-05 12:32:20.852823,8.9
CV,192.168.31.205,NX,2024-07-05 12:32:21.071675,9.8
CV,192.168.31.205,NX,2024-07-05 12:32:21.282515,12.3
CV,192.168.31.205,NX,2024-07-05 12:32:21.493341,12.5
CV,192.168.31.205,NX,2024-07-05 12:32:21.707560,7.9
CV,192.168.31.205,NX,2024-07-05 12:32:21.920930,10.5
CV,192.168.31.205,NX,2024-07-05 12:32:22.135935,8.9
CV,192.168.31.205,NX,2024-07-05 12:32:22.350362,8.1
CV,192.168.31.205,NX,2024-07-05 12:32:22.560910,15.9
CV,192.168.31.205,NX,2024-07-05 12:32:22.775012,7.0
CV,192.168.31.205,NX,2024-07-05 12:32:22.986837,8.7
CV,192.168.31.205,NX,2024-07-05 12:32:23.198413,10.2
CV,192.168.31.205,NX,2024-07-05 12:32:23.411552,8.3
CV,192.168.31.205,NX,2024-07-05 12:32:23.625774,14.4
CV,192.168.31.205,NX,2024-07-05 12:32:23.836673,11.1
CV,192.168.31.205,NX,2024-07-05 12:32:24.047773,9.2
CV,192.168.31.205,NX,2024-07-05 12:32:24.258827,10.5
CV,192.168.31.205,NX,2024-07-05 12:32:24.470700,12.5
CV,192.168.31.205,NX,2024-07-05 12:32:24.681995,10.4
CV,192.168.31.205,NX,2024-07-05 12:32:24.894181,8.7
CV,192.168.31.205,NX,2024-07-05 12:32:25.105321,10.2
CV,192.168.31.205,NX,2024-07-05 12:32:25.316054,8.0
CV,192.168.31.205,NX,2024-07-05 12:32:25.528706,13.0
CV,192.168.31.205,NX,2024-07-05 12:32:25.742708,8.9
CV,192.168.31.205,NX,2024-07-05 12:32:25.956149,7.9
CV,192.168.31.205,NX,2024-07-05 12:32:26.166995,8.7
CV,192.168.31.205,NX,2024-07-05 12:32:26.380549,8.8
CV,192.168.31.205,NX,2024-07-05 12:32:26.592048,16.7
CV,192.168.31.205,NX,2024-07-05 12:32:26.804547,7.1
CV,192.168.31.205,NX,2024-07-05 12:32:27.015840,7.2
CV,192.168.31.205,NX,2024-07-05 12:32:27.227360,10.3
CV,192.168.31.205,NX,2024-07-05 12:32:27.440100,8.6
CV,192.168.31.205,NX,2024-07-05 12:32:27.651352,11.9
CV,192.168.31.205,NX,2024-07-05 12:32:27.862628,10.3
CV,192.168.31.205,NX,2024-07-05 12:32:28.073870,9.5
CV,192.168.31.205,NX,2024-07-05 12:32:28.288351,7.5
CV,192.168.31.205,NX,2024-07-05 12:32:28.499411,13.6
CV,192.168.31.205,NX,2024-07-05 12:32:28.711713,10.2
CV,192.168.31.205,NX,2024-07-05 12:32:28.923429,8.6
CV,192.168.31.205,NX,2024-07-05 12:32:29.134642,11.0
CV,192.168.31.205,NX,2024-07-05 12:32:29.345096,8.0
CV,192.168.31.205,NX,2024-07-05 12:32:29.556364,15.8
CV,192.168.31.205,NX,2024-07-05 12:32:29.767623,10.6
CV,192.168.31.205,NX,2024-07-05 12:32:29.978308,6.5
CV,192.168.31.205,NX,2024-07-05 12:32:30.193595,9.2
CV,192.168.31.205,NX,2024-07-05 12:32:30.404979,12.0
CV,192.168.31.205,NX,2024-07-05 12:32:30.615523,14.2
CV,192.168.31.205,NX,2024-07-05 12:32:30.827998,7.8
CV,192.168.31.205,NX,2024-07-05 12:32:31.039322,9.8
CV,192.168.31.205,NX,2024-07-05 12:32:31.250860,6.3
CV,192.168.31.205,NX,2024-07-05 12:32:31.464211,11.0
CV,192.168.31.205,NX,2024-07-05 12:32:31.679262,15.0
CV,192.168.31.205,NX,2024-07-05 12:32:31.892934,9.3
CV,192.168.31.205,NX,2024-07-05 12:32:32.109027,8.5
CV,192.168.31.205,NX,2024-07-05 12:32:32.320876,8.9
CV,192.168.31.205,NX,2024-07-05 12:32:32.531740,14.2
CV,192.168.31.205,NX,2024-07-05 12:32:32.743875,7.7
CV,192.168.31.205,NX,2024-07-05 12:32:32.955111,12.1
CV,192.168.31.205,NX,2024-07-05 12:32:33.167781,6.2
CV,192.168.31.205,NX,2024-07-05 12:32:33.383392,9.1
CV,192.168.31.205,NX,2024-07-05 12:32:33.597783,16.1
CV,192.168.31.205,NX,2024-07-05 12:32:33.812229,6.2
CV,192.168.31.205,NX,2024-07-05 12:32:34.026958,9.3
CV,192.168.31.205,NX,2024-07-05 12:32:34.239069,10.0
CV,192.168.31.205,NX,2024-07-05 12:32:34.451402,8.5
CV,192.168.31.205,NX,2024-07-05 12:32:34.663315,12.2
CV,192.168.31.205,NX,2024-07-05 12:32:34.875180,9.5
CV,192.168.31.205,NX,2024-07-05 12:32:35.086285,6.9
CV,192.168.31.205,NX,2024-07-05 12:32:35.297437,6.6
CV,192.168.31.205,NX,2024-07-05 12:32:35.507966,15.7
CV,192.168.31.205,NX,2024-07-05 12:32:35.718345,8.1
CV,192.168.31.205,NX,2024-07-05 12:32:35.930858,9.4
CV,192.168.31.205,NX,2024-07-05 12:32:36.144271,11.5
CV,192.168.31.205,NX,2024-07-05 12:32:36.358656,7.6
CV,192.168.31.205,NX,2024-07-05 12:32:36.573117,14.4
CV,192.168.31.205,NX,2024-07-05 12:32:36.784310,11.9
CV,192.168.31.205,NX,2024-07-05 12:32:36.995328,9.2
CV,192.168.31.205,NX,2024-07-05 12:32:37.206694,8.0
CV,192.168.31.205,NX,2024-07-05 12:32:37.417360,10.3
CV,192.168.31.205,NX,2024-07-05 12:32:37.628804,13.8
CV,192.168.31.205,NX,2024-07-05 12:32:37.840299,8.9
CV,192.168.31.205,NX,2024-07-05 12:32:38.050512,9.5
CV,192.168.31.205,NX,2024-07-05 12:32:38.261660,9.2
CV,192.168.31.205,NX,2024-07-05 12:32:38.474766,12.9
CV,192.168.31.205,NX,2024-07-05 12:32:38.687651,11.1
CV,192.168.31.205,NX,2024-07-05 12:32:38.902314,9.2
CV,192.168.31.205,NX,2024-07-05 12:32:39.116060,9.9
CV,192.168.31.205,NX,2024-07-05 12:32:39.330646,10.3
CV,192.168.31.205,NX,2024-07-05 12:32:39.541852,14.0
CV,192.168.31.205,NX,2024-07-05 12:32:39.752392,9.2
CV,192.168.31.205,NX,2024-07-05 12:32:39.963992,10.3
CV,192.168.31.205,NX,2024-07-05 12:32:40.175573,7.9
CV,192.168.31.205,NX,2024-07-05 12:32:40.386663,7.6
CV,192.168.31.205,NX,2024-07-05 12:32:40.601654,16.9
CV,192.168.31.205,NX,2024-07-05 12:32:40.817115,8.5
CV,192.168.31.205,NX,2024-07-05 12:32:41.034940,12.1
CV,192.168.31.205,NX,2024-07-05 12:32:41.251369,12.8
CV,192.168.31.205,NX,2024-07-05 12:32:41.467748,14.4
CV,192.168.31.205,NX,2024-07-05 12:32:41.679724,11.4
CV,192.168.31.205,NX,2024-07-05 12:32:41.894441,9.8
CV,192.168.31.205,NX,2024-07-05 12:32:42.106884,7.3
CV,192.168.31.205,NX,2024-07-05 12:32:42.319916,7.1
CV,192.168.31.205,NX,2024-07-05 12:32:42.533532,15.7
CV,192.168.31.205,NX,2024-07-05 12:32:42.744558,8.0
CV,192.168.31.205,NX,2024-07-05 12:32:42.955455,8.7
CV,192.168.31.205,NX,2024-07-05 12:32:43.168610,9.2
CV,192.168.31.205,NX,2024-07-05 12:32:43.379916,8.1
CV,192.168.31.205,NX,2024-07-05 12:32:43.591074,14.3
CV,192.168.31.205,NX,2024-07-05 12:32:43.803591,10.2
CV,192.168.31.205,NX,2024-07-05 12:32:44.014665,9.2
CV,192.168.31.205,NX,2024-07-05 12:32:44.226446,8.7
CV,192.168.31.205,NX,2024-07-05 12:32:44.439162,11.6
CV,192.168.31.205,NX,2024-07-05 12:32:44.650223,12.6
CV,192.168.31.205,NX,2024-07-05 12:32:44.861274,7.3
CV,192.168.31.205,NX,2024-07-05 12:32:45.073404,10.2
CV,192.168.31.205,NX,2024-07-05 12:32:45.284957,8.1
CV,192.168.31.205,NX,2024-07-05 12:32:45.495325,11.1
CV,192.168.31.205,NX,2024-07-05 12:32:45.706007,12.7
CV,192.168.31.205,NX,2024-07-05 12:32:45.917000,6.9
CV,192.168.31.205,NX,2024-07-05 12:32:46.128668,7.3
CV,192.168.31.205,NX,2024-07-05 12:32:46.339699,9.5
CV,192.168.31.205,NX,2024-07-05 12:32:46.550489,14.2
CV,192.168.31.205,NX,2024-07-05 12:32:46.762477,8.4
CV,192.168.31.205,NX,2024-07-05 12:32:46.974570,10.2
CV,192.168.31.205,NX,2024-07-05 12:32:47.298452,25.4
CV,192.168.31.205,NX,2024-07-05 12:32:47.510069,12.5
CV,192.168.31.205,NX,2024-07-05 12:32:47.724368,13.8
CV,192.168.31.205,NX,2024-07-05 12:32:47.935693,8.3
CV,192.168.31.205,NX,2024-07-05 12:32:48.146914,6.6
CV,192.168.31.205,NX,2024-07-05 12:32:48.358242,10.2
CV,192.168.31.205,NX,2024-07-05 12:32:48.569264,15.7
CV,192.168.31.205,NX,2024-07-05 12:32:48.782035,8.5
CV,192.168.31.205,NX,2024-07-05 12:32:48.992623,11.9
CV,192.168.31.205,NX,2024-07-05 12:32:49.203952,7.0
CV,192.168.31.205,NX,2024-07-05 12:32:49.415192,5.7
CV,192.168.31.205,NX,2024-07-05 12:32:49.626094,16.0
CV,192.168.31.205,NX,2024-07-05 12:32:49.838703,7.8
CV,192.168.31.205,NX,2024-07-05 12:32:50.048961,8.7
CV,192.168.31.205,NX,2024-07-05 12:32:50.259539,10.9
CV,192.168.31.205,NX,2024-07-05 12:32:50.470547,7.9
CV,192.168.31.205,NX,2024-07-05 12:32:50.681563,10.5
CV,192.168.31.205,NX,2024-07-05 12:32:50.892175,10.2
CV,192.168.31.205,NX,2024-07-05 12:32:51.103666,8.6
CV,192.168.31.205,NX,2024-07-05 12:32:51.315612,8.0
CV,192.168.31.205,NX,2024-07-05 12:32:51.526608,14.3
CV,192.168.31.205,NX,2024-07-05 12:32:51.741940,9.1
CV,192.168.31.205,NX,2024-07-05 12:32:51.953067,9.6
CV,192.168.31.205,NX,2024-07-05 12:32:52.167338,10.4
CV,192.168.31.205,NX,2024-07-05 12:32:52.378938,7.9
CV,192.168.31.205,NX,2024-07-05 12:32:52.590299,17.6
CV,192.168.31.205,NX,2024-07-05 12:32:52.805049,10.8
CV,192.168.31.205,NX,2024-07-05 12:32:53.017758,8.4
CV,192.168.31.205,NX,2024-07-05 12:32:53.233612,9.4
CV,192.168.31.205,NX,2024-07-05 12:32:53.447827,9.5
CV,192.168.31.205,NX,2024-07-05 12:32:53.659717,16.0
CV,192.168.31.205,NX,2024-07-05 12:32:53.871422,9.3
CV,192.168.31.205,NX,2024-07-05 12:32:54.083695,11.6
CV,192.168.31.205,NX,2024-07-05 12:32:54.294529,6.6
CV,192.168.31.205,NX,2024-07-05 12:32:54.506041,11.8
CV,192.168.31.205,NX,2024-07-05 12:32:54.717368,11.8
CV,192.168.31.205,NX,2024-07-05 12:32:54.931395,8.7
CV,192.168.31.205,NX,2024-07-05 12:32:55.143751,7.9
CV,192.168.31.205,NX,2024-07-05 12:32:55.360681,11.4
CV,192.168.31.205,NX,2024-07-05 12:32:55.571485,16.0
CV,192.168.31.205,NX,2024-07-05 12:32:55.781758,7.9
CV,192.168.31.205,NX,2024-07-05 12:32:55.993937,9.8
CV,192.168.31.205,NX,2024-07-05 12:32:56.205464,7.4
CV,192.168.31.205,NX,2024-07-05 12:32:56.417878,9.4
CV,192.168.31.205,NX,2024-07-05 12:32:56.633023,16.7
CV,192.168.31.205,NX,2024-07-05 12:32:56.844433,6.5
CV,192.168.31.205,NX,2024-07-05 12:32:57.056698,9.4
CV,192.168.31.205,NX,2024-07-05 12:32:57.270195,10.1
CV,192.168.31.205,NX,2024-07-05 12:32:57.484605,10.0
CV,192.168.31.205,NX,2024-07-05 12:32:57.697532,9.6
CV,192.168.31.205,NX,2024-07-05 12:32:57.908525,11.1
CV,192.168.31.205,NX,2024-07-05 12:32:58.119582,8.7
CV,192.168.31.205,NX,2024-07-05 12:32:58.330594,9.4
CV,192.168.31.205,NX,2024-07-05 12:32:58.543489,18.3
CV,192.168.31.205,NX,2024-07-05 12:32:58.758460,9.8
CV,192.168.31.205,NX,2024-07-05 12:32:58.972863,8.1
CV,192.168.31.205,NX,2024-07-05 12:32:59.183976,8.9
CV,192.168.31.205,NX,2024-07-05 12:32:59.395002,7.9
CV,192.168.31.205,NX,2024-07-05 12:32:59.605285,15.2
CV,192.168.31.205,NX,2024-07-05 12:32:59.818254,10.6
CV,192.168.31.205,NX,2024-07-05 12:33:00.031060,8.5
CV,192.168.31.205,NX,2024-07-05 12:33:00.242340,9.7
CV,192.168.31.205,NX,2024-07-05 12:33:00.460741,10.5
CV,192.168.31.205,NX,2024-07-05 12:33:00.677067,16.0
CV,192.168.31.205,NX,2024-07-05 12:33:00.888098,8.3
CV,192.168.31.205,NX,2024-07-05 12:33:01.099852,10.3
CV,192.168.31.205,NX,2024-07-05 12:33:01.311041,8.7
CV,192.168.31.205,NX,2024-07-05 12:33:01.521785,13.0
CV,192.168.31.205,NX,2024-07-05 12:33:01.733173,9.1
CV,192.168.31.205,NX,2024-07-05 12:33:01.944911,9.5
CV,192.168.31.205,NX,2024-07-05 12:33:02.156974,6.4
CV,192.168.31.205,NX,2024-07-05 12:33:02.370924,10.0
CV,192.168.31.205,NX,2024-07-05 12:33:02.581846,13.9
CV,192.168.31.205,NX,2024-07-05 12:33:02.792985,8.4
CV,192.168.31.205,NX,2024-07-05 12:33:03.004004,10.4
CV,192.168.31.205,NX,2024-07-05 12:33:03.215467,9.4
CV,192.168.31.205,NX,2024-07-05 12:33:03.426038,8.9
CV,192.168.31.205,NX,2024-07-05 12:33:03.638500,15.0
CV,192.168.31.205,NX,2024-07-05 12:33:03.849072,11.5
CV,192.168.31.205,NX,2024-07-05 12:33:04.060117,8.5
CV,192.168.31.205,NX,2024-07-05 12:33:04.271679,10.5
CV,192.168.31.205,NX,2024-07-05 12:33:04.483835,10.9
CV,192.168.31.205,NX,2024-07-05 12:33:04.696010,13.3
CV,192.168.31.205,NX,2024-07-05 12:33:04.907117,12.5
CV,192.168.31.205,NX,2024-07-05 12:33:05.117999,8.1
CV,192.168.31.205,NX,2024-07-05 12:33:05.328698,7.3
CV,192.168.31.205,NX,2024-07-05 12:33:05.539844,18.3
CV,192.168.31.205,NX,2024-07-05 12:33:05.751012,7.8
CV,192.168.31.205,NX,2024-07-05 12:33:05.962229,6.6
CV,192.168.31.205,NX,2024-07-05 12:33:06.173000,11.7
CV,192.168.31.205,NX,2024-07-05 12:33:06.383741,8.1
CV,192.168.31.205,NX,2024-07-05 12:33:06.595376,13.5
CV,192.168.31.205,NX,2024-07-05 12:33:06.806022,10.9
CV,192.168.31.205,NX,2024-07-05 12:33:07.018258,7.1
CV,192.168.31.205,NX,2024-07-05 12:33:07.232085,6.3
CV,192.168.31.205,NX,2024-07-05 12:33:07.443023,11.4
CV,192.168.31.205,NX,2024-07-05 12:33:07.653665,15.0
CV,192.168.31.205,NX,2024-07-05 12:33:07.864983,9.3
CV,192.168.31.205,NX,2024-07-05 12:33:08.075907,10.8
CV,192.168.31.205,NX,2024-07-05 12:33:08.287267,6.6
CV,192.168.31.205,NX,2024-07-05 12:33:08.499799,11.7
CV,192.168.31.205,NX,2024-07-05 12:33:08.710936,14.7
CV,192.168.31.205,NX,2024-07-05 12:33:08.922715,8.6
CV,192.168.31.205,NX,2024-07-05 12:33:09.133892,7.4
CV,192.168.31.205,NX,2024-07-05 12:33:09.344952,8.4
CV,192.168.31.205,NX,2024-07-05 12:33:09.558443,15.3
CV,192.168.31.205,NX,2024-07-05 12:33:09.769532,7.8
CV,192.168.31.205,NX,2024-07-05 12:33:09.986086,10.1
CV,192.168.31.205,NX,2024-07-05 12:33:10.198856,9.5
CV,192.168.31.205,NX,2024-07-05 12:33:10.410338,8.5
CV,192.168.31.205,NX,2024-07-05 12:33:10.623425,16.9
CV,192.168.31.205,NX,2024-07-05 12:33:10.835784,14.0
CV,192.168.31.205,NX,2024-07-05 12:33:11.050028,7.1
CV,192.168.31.205,NX,2024-07-05 12:33:11.265239,8.7
CV,192.168.31.205,NX,2024-07-05 12:33:11.480051,11.2
CV,192.168.31.205,NX,2024-07-05 12:33:11.691279,13.5
CV,192.168.31.205,NX,2024-07-05 12:33:11.904117,6.3
CV,192.168.31.205,NX,2024-07-05 12:33:12.115608,10.7
CV,192.168.31.205,NX,2024-07-05 12:33:12.329002,7.3
CV,192.168.31.205,NX,2024-07-05 12:33:12.545241,14.0
CV,192.168.31.205,NX,2024-07-05 12:33:12.756608,13.8
CV,192.168.31.205,NX,2024-07-05 12:33:12.967333,9.5
CV,192.168.31.205,NX,2024-07-05 12:33:13.180883,8.5
CV,192.168.31.205,NX,2024-07-05 12:33:13.392336,11.7
CV,192.168.31.205,NX,2024-07-05 12:33:13.604182,16.7
CV,192.168.31.205,NX,2024-07-05 12:33:13.815923,8.7
CV,192.168.31.205,NX,2024-07-05 12:33:14.031871,12.0
CV,192.168.31.205,NX,2024-07-05 12:33:14.250181,7.6
CV,192.168.31.205,NX,2024-07-05 12:33:14.466183,10.2
CV,192.168.31.205,NX,2024-07-05 12:33:14.676878,16.5
CV,192.168.31.205,NX,2024-07-05 12:33:14.890655,9.0
CV,192.168.31.205,NX,2024-07-05 12:33:15.107721,10.1
CV,192.168.31.205,NX,2024-07-05 12:33:15.321084,9.5
CV,192.168.31.205,NX,2024-07-05 12:33:15.533838,12.0
CV,192.168.31.205,NX,2024-07-05 12:33:15.746210,9.3
CV,192.168.31.205,NX,2024-07-05 12:33:15.959990,10.8
CV,192.168.31.205,NX,2024-07-05 12:33:16.173644,8.6
CV,192.168.31.205,NX,2024-07-05 12:33:16.388804,8.2
CV,192.168.31.205,NX,2024-07-05 12:33:16.604550,17.9
CV,192.168.31.205,NX,2024-07-05 12:33:16.819307,8.7
CV,192.168.31.205,NX,2024-07-05 12:33:17.032031,8.5
CV,192.168.31.205,NX,2024-07-05 12:33:17.243994,11.9
CV,192.168.31.205,NX,2024-07-05 12:33:17.455647,8.7
CV,192.168.31.205,NX,2024-07-05 12:33:17.667070,14.5
CV,192.168.31.205,NX,2024-07-05 12:33:17.879881,10.4
CV,192.168.31.205,NX,2024-07-05 12:33:18.095221,7.0
CV,192.168.31.205,NX,2024-07-05 12:33:18.311854,11.2
CV,192.168.31.205,NX,2024-07-05 12:33:18.524700,13.0
CV,192.168.31.205,NX,2024-07-05 12:33:18.736829,11.7
CV,192.168.31.205,NX,2024-07-05 12:33:18.948542,8.7
CV,192.168.31.205,NX,2024-07-05 12:33:19.162112,10.4
CV,192.168.31.205,NX,2024-07-05 12:33:19.373558,8.3
CV,192.168.31.205,NX,2024-07-05 12:33:19.584605,12.9
CV,192.168.31.205,NX,2024-07-05 12:33:19.796085,11.0
CV,192.168.31.205,NX,2024-07-05 12:33:20.012501,9.8
CV,192.168.31.205,NX,2024-07-05 12:33:20.229382,11.4
CV,192.168.31.205,NX,2024-07-05 12:33:20.444643,10.8
CV,192.168.31.205,NX,2024-07-05 12:33:20.661491,14.6
CV,192.168.31.205,NX,2024-07-05 12:33:20.880666,9.4
CV,192.168.31.205,NX,2024-07-05 12:33:21.094712,9.4
CV,192.168.31.205,NX,2024-07-05 12:33:21.308007,7.9
CV,192.168.31.205,NX,2024-07-05 12:33:21.520100,14.0
CV,192.168.31.205,NX,2024-07-05 12:33:21.732977,12.8
CV,192.168.31.205,NX,2024-07-05 12:33:21.944843,8.4
CV,192.168.31.205,NX,2024-07-05 12:33:22.155961,8.1
CV,192.168.31.205,NX,2024-07-05 12:33:22.368853,9.6
CV,192.168.31.205,NX,2024-07-05 12:33:22.581338,14.3
CV,192.168.31.205,NX,2024-07-05 12:33:22.792805,7.1
CV,192.168.31.205,NX,2024-07-05 12:33:23.006238,11.6
CV,192.168.31.205,NX,2024-07-05 12:33:23.221491,8.5
CV,192.168.31.205,NX,2024-07-05 12:33:23.436199,8.5
CV,192.168.31.205,NX,2024-07-05 12:33:23.652864,17.3
CV,192.168.31.205,NX,2024-07-05 12:33:23.866999,8.5
CV,192.168.31.205,NX,2024-07-05 12:33:24.079462,9.1
CV,192.168.31.205,NX,2024-07-05 12:33:24.291577,9.3
CV,192.168.31.205,NX,2024-07-05 12:33:24.503197,8.9
CV,192.168.31.205,NX,2024-07-05 12:33:24.715880,12.1
CV,192.168.31.205,NX,2024-07-05 12:33:24.929107,9.5
CV,192.168.31.205,NX,2024-07-05 12:33:25.141741,7.3
CV,192.168.31.205,NX,2024-07-05 12:33:25.355512,9.2
CV,192.168.31.205,NX,2024-07-05 12:33:25.566187,17.5
CV,192.168.31.205,NX,2024-07-05 12:33:25.776637,10.1
CV,192.168.31.205,NX,2024-07-05 12:33:25.990115,7.1
CV,192.168.31.205,NX,2024-07-05 12:33:26.203152,10.9
CV,192.168.31.205,NX,2024-07-05 12:33:26.417120,9.3
CV,192.168.31.205,NX,2024-07-05 12:33:26.629539,13.7
CV,192.168.31.205,NX,2024-07-05 12:33:26.841331,11.5
CV,192.168.31.205,NX,2024-07-05 12:33:27.052545,7.4
CV,192.168.31.205,NX,2024-07-05 12:33:27.263190,9.4
CV,192.168.31.205,NX,2024-07-05 12:33:27.473680,10.6
CV,192.168.31.205,NX,2024-07-05 12:33:27.686972,13.1
CV,192.168.31.205,NX,2024-07-05 12:33:27.898172,7.9
CV,192.168.31.205,NX,2024-07-05 12:33:28.109466,10.2
CV,192.168.31.205,NX,2024-07-05 12:33:28.320779,9.3
CV,192.168.31.205,NX,2024-07-05 12:33:28.533411,11.0
CV,192.168.31.205,NX,2024-07-05 12:33:28.746941,12.8
CV,192.168.31.205,NX,2024-07-05 12:33:28.958528,7.5
CV,192.168.31.205,NX,2024-07-05 12:33:29.172116,7.8
CV,192.168.31.205,NX,2024-07-05 12:33:29.387521,12.3
CV,192.168.31.205,NX,2024-07-05 12:33:29.598280,15.6
CV,192.168.31.205,NX,2024-07-05 12:33:29.814407,8.4
CV,192.168.31.205,NX,2024-07-05 12:33:30.026030,12.3
CV,192.168.31.205,NX,2024-07-05 12:33:30.238783,7.8
CV,192.168.31.205,NX,2024-07-05 12:33:30.450117,7.9
CV,192.168.31.205,NX,2024-07-05 12:33:30.661231,15.7
CV,192.168.31.205,NX,2024-07-05 12:33:30.873901,7.9
CV,192.168.31.205,NX,2024-07-05 12:33:31.086606,8.5
CV,192.168.31.205,NX,2024-07-05 12:33:31.297546,11.1
CV,192.168.31.205,NX,2024-07-05 12:33:31.511892,10.5
CV,192.168.31.205,NX,2024-07-05 12:33:31.727187,11.8
CV,192.168.31.205,NX,2024-07-05 12:33:31.937786,11.1
CV,192.168.31.205,NX,2024-07-05 12:33:32.153297,9.8
CV,192.168.31.205,NX,2024-07-05 12:33:32.364127,8.9
CV,192.168.31.205,NX,2024-07-05 12:33:32.574455,17.8
CV,192.168.31.205,NX,2024-07-05 12:33:32.785645,8.5
CV,192.168.31.205,NX,2024-07-05 12:33:32.998062,6.5
CV,192.168.31.205,NX,2024-07-05 12:33:33.208883,11.7
CV,192.168.31.205,NX,2024-07-05 12:33:33.423320,9.6
CV,192.168.31.205,NX,2024-07-05 12:33:33.635190,12.4
CV,192.168.31.205,NX,2024-07-05 12:33:33.847147,10.9
CV,192.168.31.205,NX,2024-07-05 12:33:34.058793,8.7
CV,192.168.31.205,NX,2024-07-05 12:33:34.269558,6.3
CV,192.168.31.205,NX,2024-07-05 12:33:34.482282,8.9
CV,192.168.31.205,NX,2024-07-05 12:33:34.693815,12.8
CV,192.168.31.205,NX,2024-07-05 12:33:34.905073,9.5
CV,192.168.31.205,NX,2024-07-05 12:33:35.115848,9.7
CV,192.168.31.205,NX,2024-07-05 12:33:35.327465,10.7
CV,192.168.31.205,NX,2024-07-05 12:33:35.539431,15.0
CV,192.168.31.205,NX,2024-07-05 12:33:35.752219,9.8
CV,192.168.31.205,NX,2024-07-05 12:33:35.966168,8.7
CV,192.168.31.205,NX,2024-07-05 12:33:36.176967,8.7
CV,192.168.31.205,NX,2024-07-05 12:33:36.394255,12.7
CV,192.168.31.205,NX,2024-07-05 12:33:36.607520,13.8
CV,192.168.31.205,NX,2024-07-05 12:33:36.821780,7.9
CV,192.168.31.205,NX,2024-07-05 12:33:37.038051,11.9
CV,192.168.31.205,NX,2024-07-05 12:33:37.256742,7.8
CV,192.168.31.205,NX,2024-07-05 12:33:37.473901,9.5
CV,192.168.31.205,NX,2024-07-05 12:33:37.685701,17.8
CV,192.168.31.205,NX,2024-07-05 12:33:37.899383,8.6
CV,192.168.31.205,NX,2024-07-05 12:33:38.114956,9.8
CV,192.168.31.205,NX,2024-07-05 12:33:38.328135,10.9
CV,192.168.31.205,NX,2024-07-05 12:33:38.540768,14.8
CV,192.168.31.205,NX,2024-07-05 12:33:38.753814,9.7
CV,192.168.31.205,NX,2024-07-05 12:33:38.966182,10.9
CV,192.168.31.205,NX,2024-07-05 12:33:39.180108,10.1
CV,192.168.31.205,NX,2024-07-05 12:33:39.391645,9.3
CV,192.168.31.205,NX,2024-07-05 12:33:39.602884,17.6
CV,192.168.31.205,NX,2024-07-05 12:33:39.814127,8.4
CV,192.168.31.205,NX,2024-07-05 12:33:40.025480,6.6
CV,192.168.31.205,NX,2024-07-05 12:33:40.237991,10.9
CV,192.168.31.205,NX,2024-07-05 12:33:40.449330,8.7
CV,192.168.31.205,NX,2024-07-05 12:33:40.661253,14.8
CV,192.168.31.205,NX,2024-07-05 12:33:40.872664,10.3
CV,192.168.31.205,NX,2024-07-05 12:33:41.084360,8.2
CV,192.168.31.205,NX,2024-07-05 12:33:41.296084,11.5
CV,192.168.31.205,NX,2024-07-05 12:33:41.507330,9.8
CV,192.168.31.205,NX,2024-07-05 12:33:41.719098,12.6
CV,192.168.31.205,NX,2024-07-05 12:33:41.930509,6.4
CV,192.168.31.205,NX,2024-07-05 12:33:42.141706,11.0
CV,192.168.31.205,NX,2024-07-05 12:33:42.352344,7.6
CV,192.168.31.205,NX,2024-07-05 12:33:42.566486,13.0
CV,192.168.31.205,NX,2024-07-05 12:33:42.777819,11.7
CV,192.168.31.205,NX,2024-07-05 12:33:42.989588,10.1
CV,192.168.31.205,NX,2024-07-05 12:33:43.202790,7.9
CV,192.168.31.205,NX,2024-07-05 12:33:43.418660,12.3
CV,192.168.31.205,NX,2024-07-05 12:33:43.630506,14.2
CV,192.168.31.205,NX,2024-07-05 12:33:43.845586,8.8
CV,192.168.31.205,NX,2024-07-05 12:33:44.057438,12.4
CV,192.168.31.205,NX,2024-07-05 12:33:44.272443,7.0
CV,192.168.31.205,NX,2024-07-05 12:33:44.485201,8.1
CV,192.168.31.205,NX,2024-07-05 12:33:44.698779,16.8
CV,192.168.31.205,NX,2024-07-05 12:33:44.910059,10.3
CV,192.168.31.205,NX,2024-07-05 12:33:45.121158,8.3
CV,192.168.31.205,NX,2024-07-05 12:33:45.333244,9.0
CV,192.168.31.205,NX,2024-07-05 12:33:45.545870,11.5
CV,192.168.31.205,NX,2024-07-05 12:33:45.757166,13.0
CV,192.168.31.205,NX,2024-07-05 12:33:45.971103,9.4
CV,192.168.31.205,NX,2024-07-05 12:33:46.182195,8.1
CV,192.168.31.205,NX,2024-07-05 12:33:46.393366,8.5
CV,192.168.31.205,NX,2024-07-05 12:33:46.604949,16.3
CV,192.168.31.205,NX,2024-07-05 12:33:46.818375,6.9
CV,192.168.31.205,NX,2024-07-05 12:33:47.032559,9.2
CV,192.168.31.205,NX,2024-07-05 12:33:47.249696,9.7
CV,192.168.31.205,NX,2024-07-05 12:33:47.462472,7.1
CV,192.168.31.205,NX,2024-07-05 12:33:47.678428,17.1
CV,192.168.31.205,NX,2024-07-05 12:33:47.889885,8.4
CV,192.168.31.205,NX,2024-07-05 12:33:48.104544,6.3
CV,192.168.31.205,NX,2024-07-05 12:33:48.315324,6.5
CV,192.168.31.205,NX,2024-07-05 12:33:48.526901,11.8
CV,192.168.31.205,NX,2024-07-05 12:33:48.738085,10.4
CV,192.168.31.205,NX,2024-07-05 12:33:48.949100,6.4
CV,192.168.31.205,NX,2024-07-05 12:33:49.262795,26.3
CV,192.168.31.205,NX,2024-07-05 12:33:49.473380,5.7
CV,192.168.31.205,NX,2024-07-05 12:33:49.684727,13.6
CV,192.168.31.205,NX,2024-07-05 12:33:49.895535,7.6
CV,192.168.31.205,NX,2024-07-05 12:33:50.105978,9.1
CV,192.168.31.205,NX,2024-07-05 12:33:50.319128,8.7
CV,192.168.31.205,NX,2024-07-05 12:33:50.530097,8.7
CV,192.168.31.205,NX,2024-07-05 12:33:50.739647,11.2
CV,192.168.31.205,NX,2024-07-05 12:33:50.950860,10.3
CV,192.168.31.205,NX,2024-07-05 12:33:51.161588,8.4
CV,192.168.31.205,NX,2024-07-05 12:33:51.372589,6.5
CV,192.168.31.205,NX,2024-07-05 12:33:51.583258,14.4
CV,192.168.31.205,NX,2024-07-05 12:33:51.794676,10.2
CV,192.168.31.205,NX,2024-07-05 12:33:52.005322,7.3
CV,192.168.31.205,NX,2024-07-05 12:33:52.216590,9.4
CV,192.168.31.205,NX,2024-07-05 12:33:52.427407,10.6
CV,192.168.31.205,NX,2024-07-05 12:33:52.638289,14.4
CV,192.168.31.205,NX,2024-07-05 12:33:52.850742,7.9
CV,192.168.31.205,NX,2024-07-05 12:33:53.061433,8.8
CV,192.168.31.205,NX,2024-07-05 12:33:53.273733,8.5
CV,192.168.31.205,NX,2024-07-05 12:33:53.484564,7.3
CV,192.168.31.205,NX,2024-07-05 12:33:53.695959,18.3
CV,192.168.31.205,NX,2024-07-05 12:33:53.906739,8.5
CV,192.168.31.205,NX,2024-07-05 12:33:54.119725,8.0
CV,192.168.31.205,NX,2024-07-05 12:33:54.331330,9.6
CV,192.168.31.205,NX,2024-07-05 12:33:54.542059,11.7
CV,192.168.31.205,NX,2024-07-05 12:33:54.753957,10.4
CV,192.168.31.205,NX,2024-07-05 12:33:54.965362,8.8
CV,192.168.31.205,NX,2024-07-05 12:33:55.178627,8.9
CV,192.168.31.205,NX,2024-07-05 12:33:55.390161,5.8
CV,192.168.31.205,NX,2024-07-05 12:33:55.600923,17.5
CV,192.168.31.205,NX,2024-07-05 12:33:55.811515,8.8
CV,192.168.31.205,NX,2024-07-05 12:33:56.023621,7.9
CV,192.168.31.205,NX,2024-07-05 12:33:56.234926,8.8
CV,192.168.31.205,NX,2024-07-05 12:33:56.445996,8.3
CV,192.168.31.205,NX,2024-07-05 12:33:56.659527,14.8
CV,192.168.31.205,NX,2024-07-05 12:33:56.870397,11.1
CV,192.168.31.205,NX,2024-07-05 12:33:57.081278,6.4
CV,192.168.31.205,NX,2024-07-05 12:33:57.295496,10.0
CV,192.168.31.205,NX,2024-07-05 12:33:57.506843,11.8
CV,192.168.31.205,NX,2024-07-05 12:33:57.718663,11.9
CV,192.168.31.205,NX,2024-07-05 12:33:57.929221,8.7
CV,192.168.31.205,NX,2024-07-05 12:33:58.140610,11.0
CV,192.168.31.205,NX,2024-07-05 12:33:58.351391,8.8
CV,192.168.31.205,NX,2024-07-05 12:33:58.565109,12.3
CV,192.168.31.205,NX,2024-07-05 12:33:58.777298,13.5
CV,192.168.31.205,NX,2024-07-05 12:33:58.988979,7.7
CV,192.168.31.205,NX,2024-07-05 12:33:59.200015,8.7
CV,192.168.31.205,NX,2024-07-05 12:33:59.413215,10.8
CV,192.168.31.205,NX,2024-07-05 12:33:59.624145,13.8
CV,192.168.31.205,NX,2024-07-05 12:33:59.835129,7.9
CV,192.168.31.205,NX,2024-07-05 12:34:00.049054,13.5
CV,192.168.31.205,NX,2024-07-05 12:34:00.261309,8.7
CV,192.168.31.205,NX,2024-07-05 12:34:00.475141,9.0
CV,192.168.31.205,NX,2024-07-05 12:34:00.689338,15.9
CV,192.168.31.205,NX,2024-07-05 12:34:00.906668,7.6
CV,192.168.31.205,NX,2024-07-05 12:34:01.121591,9.8
CV,192.168.31.205,NX,2024-07-05 12:34:01.333147,10.3
CV,192.168.31.205,NX,2024-07-05 12:34:01.545941,10.2
CV,192.168.31.205,NX,2024-07-05 12:34:01.758811,12.5
CV,192.168.31.205,NX,2024-07-05 12:34:01.970534,12.1
CV,192.168.31.205,NX,2024-07-05 12:34:02.184307,7.3
CV,192.168.31.205,NX,2024-07-05 12:34:02.397477,8.5
CV,192.168.31.205,NX,2024-07-05 12:34:02.610283,18.6
CV,192.168.31.205,NX,2024-07-05 12:34:02.823422,7.8
CV,192.168.31.205,NX,2024-07-05 12:34:03.035916,10.0
CV,192.168.31.205,NX,2024-07-05 12:34:03.246736,8.8
CV,192.168.31.205,NX,2024-07-05 12:34:03.458686,7.3
CV,192.168.31.205,NX,2024-07-05 12:34:03.670653,15.5
CV,192.168.31.205,NX,2024-07-05 12:34:03.882143,8.8
CV,192.168.31.205,NX,2024-07-05 12:34:04.093170,9.5
CV,192.168.31.205,NX,2024-07-05 12:34:04.304175,8.0
CV,192.168.31.205,NX,2024-07-05 12:34:04.515123,11.5
CV,192.168.31.205,NX,2024-07-05 12:34:04.726761,11.5
CV,192.168.31.205,NX,2024-07-05 12:34:04.938052,7.2
CV,192.168.31.205,NX,2024-07-05 12:34:05.149349,8.8
CV,192.168.31.205,NX,2024-07-05 12:34:05.364715,9.8
CV,192.168.31.205,NX,2024-07-05 12:34:05.580322,14.8
CV,192.168.31.205,NX,2024-07-05 12:34:05.791601,13.4
CV,192.168.31.205,NX,2024-07-05 12:34:06.003697,7.8
CV,192.168.31.205,NX,2024-07-05 12:34:06.214625,7.9
CV,192.168.31.205,NX,2024-07-05 12:34:06.426110,10.3
CV,192.168.31.205,NX,2024-07-05 12:34:06.638347,14.8
CV,192.168.31.205,NX,2024-07-05 12:34:06.850065,8.8
CV,192.168.31.205,NX,2024-07-05 12:34:07.061511,12.6
CV,192.168.31.205,NX,2024-07-05 12:34:07.272367,7.0
CV,192.168.31.205,NX,2024-07-05 12:34:07.483653,5.8
CV,192.168.31.205,NX,2024-07-05 12:34:07.695087,16.9
CV,192.168.31.205,NX,2024-07-05 12:34:07.907122,8.0
CV,192.168.31.205,NX,2024-07-05 12:34:08.119271,6.3
CV,192.168.31.205,NX,2024-07-05 12:34:08.334185,10.7
CV,192.168.31.205,NX,2024-07-05 12:34:08.548383,10.9
CV,192.168.31.205,NX,2024-07-05 12:34:08.763873,12.4
CV,192.168.31.205,NX,2024-07-05 12:34:08.978003,9.7
CV,192.168.31.205,NX,2024-07-05 12:34:09.189200,7.9
CV,192.168.31.205,NX,2024-07-05 12:34:09.402243,8.5
CV,192.168.31.205,NX,2024-07-05 12:34:09.613402,16.0
CV,192.168.31.205,NX,2024-07-05 12:34:09.824569,9.3
CV,192.168.31.205,NX,2024-07-05 12:34:10.035829,7.6
CV,192.168.31.205,NX,2024-07-05 12:34:10.247254,8.3
CV,192.168.31.205,NX,2024-07-05 12:34:10.458742,7.8
CV,192.168.31.205,NX,2024-07-05 12:34:10.670370,13.6
CV,192.168.31.205,NX,2024-07-05 12:34:10.881580,14.2
CV,192.168.31.205,NX,2024-07-05 12:34:11.092555,9.2
CV,192.168.31.205,NX,2024-07-05 12:34:11.303968,7.6
CV,192.168.31.205,NX,2024-07-05 12:34:11.516444,9.9
CV,192.168.31.205,NX,2024-07-05 12:34:11.727737,14.8
CV,192.168.31.205,NX,2024-07-05 12:34:11.939091,9.4
CV,192.168.31.205,NX,2024-07-05 12:34:12.150442,11.6
CV,192.168.31.205,NX,2024-07-05 12:34:12.361596,8.0
CV,192.168.31.205,NX,2024-07-05 12:34:12.575121,11.5
CV,192.168.31.205,NX,2024-07-05 12:34:12.785798,12.0
CV,192.168.31.205,NX,2024-07-05 12:34:12.999209,8.5
CV,192.168.31.205,NX,2024-07-05 12:34:13.210843,8.6
CV,192.168.31.205,NX,2024-07-05 12:34:13.422251,11.2
CV,192.168.31.205,NX,2024-07-05 12:34:13.634058,14.2
CV,192.168.31.205,NX,2024-07-05 12:34:13.846555,7.1
CV,192.168.31.205,NX,2024-07-05 12:34:14.058033,11.7
CV,192.168.31.205,NX,2024-07-05 12:34:14.269220,7.1
CV,192.168.31.205,NX,2024-07-05 12:34:14.482503,7.9
CV,192.168.31.205,NX,2024-07-05 12:34:14.695870,13.8
CV,192.168.31.205,NX,2024-07-05 12:34:14.907500,7.9
CV,192.168.31.205,NX,2024-07-05 12:34:15.119019,8.7
CV,192.168.31.205,NX,2024-07-05 12:34:15.331807,10.4
CV,192.168.31.205,NX,2024-07-05 12:34:15.545678,8.7
CV,192.168.31.205,NX,2024-07-05 12:34:15.763437,16.7
CV,192.168.31.205,NX,2024-07-05 12:34:15.975455,10.7
CV,192.168.31.205,NX,2024-07-05 12:34:16.190228,8.4
CV,192.168.31.205,NX,2024-07-05 12:34:16.406762,8.6
CV,192.168.31.205,NX,2024-07-05 12:34:16.619835,18.1
CV,192.168.31.205,NX,2024-07-05 12:34:16.830883,9.0
CV,192.168.31.205,NX,2024-07-05 12:34:17.044649,8.1
CV,192.168.31.205,NX,2024-07-05 12:34:17.256150,11.8
CV,192.168.31.205,NX,2024-07-05 12:34:17.469131,9.2
CV,192.168.31.205,NX,2024-07-05 12:34:17.682142,13.6
CV,192.168.31.205,NX,2024-07-05 12:34:17.893956,11.7
CV,192.168.31.205,NX,2024-07-05 12:34:18.105591,6.9
CV,192.168.31.205,NX,2024-07-05 12:34:18.319472,9.7
CV,192.168.31.205,NX,2024-07-05 12:34:18.530967,13.2
CV,192.168.31.205,NX,2024-07-05 12:34:18.743964,14.0
CV,192.168.31.205,NX,2024-07-05 12:34:18.957267,7.3
CV,192.168.31.205,NX,2024-07-05 12:34:19.170358,8.0
CV,192.168.31.205,NX,2024-07-05 12:34:19.382239,8.5
CV,192.168.31.205,NX,2024-07-05 12:34:19.594582,11.2
CV,192.168.31.205,NX,2024-07-05 12:34:19.806419,10.3
CV,192.168.31.205,NX,2024-07-05 12:34:20.020033,9.1
CV,192.168.31.205,NX,2024-07-05 12:34:20.237772,9.8
CV,192.168.31.205,NX,2024-07-05 12:34:20.456089,13.4
CV,192.168.31.205,NX,2024-07-05 12:34:20.667241,15.2
CV,192.168.31.205,NX,2024-07-05 12:34:20.879933,9.6
CV,192.168.31.205,NX,2024-07-05 12:34:21.091785,10.4
CV,192.168.31.205,NX,2024-07-05 12:34:21.303243,9.4
CV,192.168.31.205,NX,2024-07-05 12:34:21.514203,9.2
CV,192.168.31.205,NX,2024-07-05 12:34:21.725509,16.1
CV,192.168.31.205,NX,2024-07-05 12:34:21.937153,10.2
CV,192.168.31.205,NX,2024-07-05 12:34:22.148782,8.5
CV,192.168.31.205,NX,2024-07-05 12:34:22.360728,8.7
CV,192.168.31.205,NX,2024-07-05 12:34:22.572258,11.1
CV,192.168.31.205,NX,2024-07-05 12:34:22.784355,11.1
CV,192.168.31.205,NX,2024-07-05 12:34:22.998371,10.1
CV,192.168.31.205,NX,2024-07-05 12:34:23.210685,9.3
CV,192.168.31.205,NX,2024-07-05 12:34:23.421595,7.4
CV,192.168.31.205,NX,2024-07-05 12:34:23.635869,14.4
CV,192.168.31.205,NX,2024-07-05 12:34:23.849102,9.0
CV,192.168.31.205,NX,2024-07-05 12:34:24.061779,6.2
CV,192.168.31.205,NX,2024-07-05 12:34:24.277152,8.7
CV,192.168.31.205,NX,2024-07-05 12:34:24.489446,10.0
CV,192.168.31.205,NX,2024-07-05 12:34:24.702576,16.8
CV,192.168.31.205,NX,2024-07-05 12:34:24.918564,9.2
CV,192.168.31.205,NX,2024-07-05 12:34:25.131094,9.8
CV,192.168.31.205,NX,2024-07-05 12:34:25.344056,7.0
CV,192.168.31.205,NX,2024-07-05 12:34:25.560178,11.4
CV,192.168.31.205,NX,2024-07-05 12:34:25.772608,15.0
CV,192.168.31.205,NX,2024-07-05 12:34:25.983321,8.7
CV,192.168.31.205,NX,2024-07-05 12:34:26.194671,9.4
CV,192.168.31.205,NX,2024-07-05 12:34:26.406541,10.5
CV,192.168.31.205,NX,2024-07-05 12:34:26.620020,13.2
CV,192.168.31.205,NX,2024-07-05 12:34:26.831198,10.2
CV,192.168.31.205,NX,2024-07-05 12:34:27.042405,12.4
CV,192.168.31.205,NX,2024-07-05 12:34:27.253646,9.4
CV,192.168.31.205,NX,2024-07-05 12:34:27.466104,8.6
CV,192.168.31.205,NX,2024-07-05 12:34:27.680013,17.9
CV,192.168.31.205,NX,2024-07-05 12:34:27.894690,8.7
CV,192.168.31.205,NX,2024-07-05 12:34:28.106431,8.0
CV,192.168.31.205,NX,2024-07-05 12:34:28.317738,8.8
CV,192.168.31.205,NX,2024-07-05 12:34:28.532837,7.8
CV,192.168.31.205,NX,2024-07-05 12:34:28.746806,13.5
CV,192.168.31.205,NX,2024-07-05 12:34:28.958202,8.1
CV,192.168.31.205,NX,2024-07-05 12:34:29.170683,8.8
CV,192.168.31.205,NX,2024-07-05 12:34:29.381600,7.5
CV,192.168.31.205,NX,2024-07-05 12:34:29.592962,12.0
CV,192.168.31.205,NX,2024-07-05 12:34:29.805220,10.2
CV,192.168.31.205,NX,2024-07-05 12:34:30.016708,6.5
CV,192.168.31.205,NX,2024-07-05 12:34:30.227654,11.8
CV,192.168.31.205,NX,2024-07-05 12:34:30.440195,8.2
CV,192.168.31.205,NX,2024-07-05 12:34:30.652033,13.8
CV,192.168.31.205,NX,2024-07-05 12:34:30.862879,11.7
CV,192.168.31.205,NX,2024-07-05 12:34:31.074449,7.9
CV,192.168.31.205,NX,2024-07-05 12:34:31.288102,7.2
CV,192.168.31.205,NX,2024-07-05 12:34:31.498372,9.5
CV,192.168.31.205,NX,2024-07-05 12:34:31.710371,14.1
CV,192.168.31.205,NX,2024-07-05 12:34:31.922072,7.9
CV,192.168.31.205,NX,2024-07-05 12:34:32.137367,9.9
CV,192.168.31.205,NX,2024-07-05 12:34:32.348976,6.7
CV,192.168.31.205,NX,2024-07-05 12:34:32.560056,10.2
CV,192.168.31.205,NX,2024-07-05 12:34:32.773579,14.8
CV,192.168.31.205,NX,2024-07-05 12:34:32.985798,9.8
CV,192.168.31.205,NX,2024-07-05 12:34:33.199428,9.3
CV,192.168.31.205,NX,2024-07-05 12:34:33.414719,10.6
CV,192.168.31.205,NX,2024-07-05 12:34:33.626823,12.7
CV,192.168.31.205,NX,2024-07-05 12:34:33.841004,10.5
CV,192.168.31.205,NX,2024-07-05 12:34:34.054587,11.7
CV,192.168.31.205,NX,2024-07-05 12:34:34.266256,7.1
CV,192.168.31.205,NX,2024-07-05 12:34:34.479670,8.5
CV,192.168.31.205,NX,2024-07-05 12:34:34.692935,15.6
CV,192.168.31.205,NX,2024-07-05 12:34:34.907250,8.4
CV,192.168.31.205,NX,2024-07-05 12:34:35.123679,10.7
CV,192.168.31.205,NX,2024-07-05 12:34:35.341335,12.4
CV,192.168.31.205,NX,2024-07-05 12:34:35.557100,8.5
CV,192.168.31.205,NX,2024-07-05 12:34:35.768338,13.6
CV,192.168.31.205,NX,2024-07-05 12:34:35.979830,12.1
CV,192.168.31.205,NX,2024-07-05 12:34:36.190841,7.3
CV,192.168.31.205,NX,2024-07-05 12:34:36.404255,7.9
CV,192.168.31.205,NX,2024-07-05 12:34:36.618341,15.5
CV,192.168.31.205,NX,2024-07-05 12:34:36.837176,11.2
CV,192.168.31.205,NX,2024-07-05 12:34:37.054061,10.8
CV,192.168.31.205,NX,2024-07-05 12:34:37.273228,14.0
CV,192.168.31.205,NX,2024-07-05 12:34:37.489859,7.9
CV,192.168.31.205,NX,2024-07-05 12:34:37.701357,13.3
CV,192.168.31.205,NX,2024-07-05 12:34:37.914916,10.1
CV,192.168.31.205,NX,2024-07-05 12:34:38.126415,8.7
CV,192.168.31.205,NX,2024-07-05 12:34:38.337479,10.3
CV,192.168.31.205,NX,2024-07-05 12:34:38.548638,12.5
CV,192.168.31.205,NX,2024-07-05 12:34:38.759755,14.6
CV,192.168.31.205,NX,2024-07-05 12:34:38.970921,8.8
CV,192.168.31.205,NX,2024-07-05 12:34:39.182561,8.7
CV,192.168.31.205,NX,2024-07-05 12:34:39.393987,7.9
CV,192.168.31.205,NX,2024-07-05 12:34:39.604595,12.7
CV,192.168.31.205,NX,2024-07-05 12:34:39.815946,14.3
CV,192.168.31.205,NX,2024-07-05 12:34:40.027063,11.5
CV,192.168.31.205,NX,2024-07-05 12:34:40.243162,8.3
CV,192.168.31.205,NX,2024-07-05 12:34:40.456585,10.4
CV,192.168.31.205,NX,2024-07-05 12:34:40.667167,16.3
CV,192.168.31.205,NX,2024-07-05 12:34:40.877774,7.3
CV,192.168.31.205,NX,2024-07-05 12:34:41.088678,9.6
CV,192.168.31.205,NX,2024-07-05 12:34:41.300302,7.1
CV,192.168.31.205,NX,2024-07-05 12:34:41.511822,8.3
CV,192.168.31.205,NX,2024-07-05 12:34:41.723146,18.2
CV,192.168.31.205,NX,2024-07-05 12:34:41.934437,7.2
CV,192.168.31.205,NX,2024-07-05 12:34:42.145175,8.0
CV,192.168.31.205,NX,2024-07-05 12:34:42.356203,10.9
CV,192.168.31.205,NX,2024-07-05 12:34:42.567323,8.7
CV,192.168.31.205,NX,2024-07-05 12:34:42.778280,15.8
CV,192.168.31.205,NX,2024-07-05 12:34:42.989261,11.3
CV,192.168.31.205,NX,2024-07-05 12:34:43.200509,9.0
CV,192.168.31.205,NX,2024-07-05 12:34:43.411929,8.7
CV,192.168.31.205,NX,2024-07-05 12:34:43.626699,15.6
CV,192.168.31.205,NX,2024-07-05 12:34:43.838119,8.8
CV,192.168.31.205,NX,2024-07-05 12:34:44.050007,9.0
CV,192.168.31.205,NX,2024-07-05 12:34:44.264235,8.0
CV,192.168.31.205,NX,2024-07-05 12:34:44.475009,7.9
CV,192.168.31.205,NX,2024-07-05 12:34:44.688353,14.4
CV,192.168.31.205,NX,2024-07-05 12:34:44.899685,10.9
CV,192.168.31.205,NX,2024-07-05 12:34:45.116382,7.0
CV,192.168.31.205,NX,2024-07-05 12:34:45.331321,8.1
CV,192.168.31.205,NX,2024-07-05 12:34:45.542750,10.7
CV,192.168.31.205,NX,2024-07-05 12:34:45.753546,12.4
CV,192.168.31.205,NX,2024-07-05 12:34:45.965477,9.3
CV,192.168.31.205,NX,2024-07-05 12:34:46.176691,10.9
CV,192.168.31.205,NX,2024-07-05 12:34:46.388290,10.2
CV,192.168.31.205,NX,2024-07-05 12:34:46.600205,11.0
CV,192.168.31.205,NX,2024-07-05 12:34:46.812722,12.1
CV,192.168.31.205,NX,2024-07-05 12:34:47.024187,7.4
CV,192.168.31.205,NX,2024-07-05 12:34:47.235949,10.3
CV,192.168.31.205,NX,2024-07-05 12:34:47.447834,9.4
CV,192.168.31.205,NX,2024-07-05 12:34:47.659120,16.4
CV,192.168.31.205,NX,2024-07-05 12:34:47.870283,8.0
CV,192.168.31.205,NX,2024-07-05 12:34:48.081909,9.3
CV,192.168.31.205,NX,2024-07-05 12:34:48.297048,9.4
CV,192.168.31.205,NX,2024-07-05 12:34:48.508814,10.2
CV,192.168.31.205,NX,2024-07-05 12:34:48.719351,13.9
CV,192.168.31.205,NX,2024-07-05 12:34:48.930086,8.7
CV,192.168.31.205,NX,2024-07-05 12:34:49.143405,7.9
CV,192.168.31.205,NX,2024-07-05 12:34:49.354815,10.2
CV,192.168.31.205,NX,2024-07-05 12:34:49.565639,7.9
CV,192.168.31.205,NX,2024-07-05 12:34:49.778056,11.0
CV,192.168.31.205,NX,2024-07-05 12:34:49.989382,9.5
CV,192.168.31.205,NX,2024-07-05 12:34:50.204180,6.2
CV,192.168.31.205,NX,2024-07-05 12:34:50.415591,8.7
CV,192.168.31.205,NX,2024-07-05 12:34:50.626281,14.3
CV,192.168.31.205,NX,2024-07-05 12:34:50.839345,9.0
CV,192.168.31.205,NX,2024-07-05 12:34:51.151077,25.8
CV,192.168.31.205,NX,2024-07-05 12:34:51.362175,8.7
CV,192.168.31.205,NX,2024-07-05 12:34:51.572728,8.7
CV,192.168.31.205,NX,2024-07-05 12:34:51.783842,12.7
CV,192.168.31.205,NX,2024-07-05 12:34:51.994381,10.3
CV,192.168.31.205,NX,2024-07-05 12:34:52.205418,6.4
CV,192.168.31.205,NX,2024-07-05 12:34:52.419845,9.2
CV,192.168.31.205,NX,2024-07-05 12:34:52.630816,15.1
CV,192.168.31.205,NX,2024-07-05 12:34:52.841492,8.7
CV,192.168.31.205,NX,2024-07-05 12:34:53.052215,5.6
CV,192.168.31.205,NX,2024-07-05 12:34:53.263424,11.6
CV,192.168.31.205,NX,2024-07-05 12:34:53.474384,9.4
CV,192.168.31.205,NX,2024-07-05 12:34:53.686144,14.2
CV,192.168.31.205,NX,2024-07-05 12:34:53.897575,11.6
CV,192.168.31.205,NX,2024-07-05 12:34:54.108384,8.3
CV,192.168.31.205,NX,2024-07-05 12:34:54.319302,7.5
CV,192.168.31.205,NX,2024-07-05 12:34:54.530434,10.9
CV,192.168.31.205,NX,2024-07-05 12:34:54.743041,14.2
CV,192.168.31.205,NX,2024-07-05 12:34:54.954111,8.0
CV,192.168.31.205,NX,2024-07-05 12:34:55.165409,8.8
CV,192.168.31.205,NX,2024-07-05 12:34:55.376314,7.0
CV,192.168.31.205,NX,2024-07-05 12:34:55.587417,10.4
CV,192.168.31.205,NX,2024-07-05 12:34:55.799258,15.7
CV,192.168.31.205,NX,2024-07-05 12:34:56.014635,9.9
CV,192.168.31.205,NX,2024-07-05 12:34:56.228131,8.7
CV,192.168.31.205,NX,2024-07-05 12:34:56.440252,10.9
CV,192.168.31.205,NX,2024-07-05 12:34:56.651397,13.2
CV,192.168.31.205,NX,2024-07-05 12:34:56.862378,8.8
CV,192.168.31.205,NX,2024-07-05 12:34:57.074463,8.7
CV,192.168.31.205,NX,2024-07-05 12:34:57.288712,8.2
CV,192.168.31.205,NX,2024-07-05 12:34:57.499946,10.1
CV,192.168.31.205,NX,2024-07-05 12:34:57.712679,16.4
CV,192.168.31.205,NX,2024-07-05 12:34:57.925211,10.1
CV,192.168.31.205,NX,2024-07-05 12:34:58.136290,7.6
CV,192.168.31.205,NX,2024-07-05 12:34:58.349952,8.2
CV,192.168.31.205,NX,2024-07-05 12:34:58.561480,8.0
CV,192.168.31.205,NX,2024-07-05 12:34:58.775095,17.8
CV,192.168.31.205,NX,2024-07-05 12:34:58.986331,8.0
CV,192.168.31.205,NX,2024-07-05 12:34:59.197353,8.6
CV,192.168.31.205,NX,2024-07-05 12:34:59.411696,9.8
CV,192.168.31.205,NX,2024-07-05 12:34:59.623824,13.7
CV,192.168.31.205,NX,2024-07-05 12:34:59.835073,11.0
CV,192.168.31.205,NX,2024-07-05 12:35:00.047075,9.3
CV,192.168.31.205,NX,2024-07-05 12:35:00.258687,11.8
CV,192.168.31.205,NX,2024-07-05 12:35:00.471335,9.3
CV,192.168.31.205,NX,2024-07-05 12:35:00.682002,13.4
CV,192.168.31.205,NX,2024-07-05 12:35:00.893432,9.9
CV,192.168.31.205,NX,2024-07-05 12:35:01.104932,8.6
CV,192.168.31.205,NX,2024-07-05 12:35:01.318586,9.8
CV,192.168.31.205,NX,2024-07-05 12:35:01.530311,10.5
CV,192.168.31.205,NX,2024-07-05 12:35:01.741091,15.2
CV,192.168.31.205,NX,2024-07-05 12:35:01.953819,7.7
CV,192.168.31.205,NX,2024-07-05 12:35:02.165509,9.8
CV,192.168.31.205,NX,2024-07-05 12:35:02.379947,8.5
CV,192.168.31.205,NX,2024-07-05 12:35:02.593527,8.0
CV,192.168.31.205,NX,2024-07-05 12:35:02.806328,14.1
CV,192.168.31.205,NX,2024-07-05 12:35:03.017462,8.1
CV,192.168.31.205,NX,2024-07-05 12:35:03.228324,7.8
CV,192.168.31.205,NX,2024-07-05 12:35:03.438561,10.2
CV,192.168.31.205,NX,2024-07-05 12:35:03.649785,11.5
CV,192.168.31.205,NX,2024-07-05 12:35:03.863227,11.5
CV,192.168.31.205,NX,2024-07-05 12:35:04.073974,13.2
CV,192.168.31.205,NX,2024-07-05 12:35:04.285672,7.3
CV,192.168.31.205,NX,2024-07-05 12:35:04.497037,8.7
CV,192.168.31.205,NX,2024-07-05 12:35:04.709281,17.7
CV,192.168.31.205,NX,2024-07-05 12:35:04.920450,8.7
CV,192.168.31.205,NX,2024-07-05 12:35:05.132429,7.8
CV,192.168.31.205,NX,2024-07-05 12:35:05.345349,10.9
CV,192.168.31.205,NX,2024-07-05 12:35:05.557765,7.8
CV,192.168.31.205,NX,2024-07-05 12:35:05.770786,16.3
CV,192.168.31.205,NX,2024-07-05 12:35:05.982529,11.1
CV,192.168.31.205,NX,2024-07-05 12:35:06.194696,7.8
CV,192.168.31.205,NX,2024-07-05 12:35:06.406161,5.7
CV,192.168.31.205,NX,2024-07-05 12:35:06.621182,12.3
CV,192.168.31.205,NX,2024-07-05 12:35:06.833003,11.8
CV,192.168.31.205,NX,2024-07-05 12:35:07.046717,10.0
CV,192.168.31.205,NX,2024-07-05 12:35:07.258288,8.1
CV,192.168.31.205,NX,2024-07-05 12:35:07.471074,10.0
CV,192.168.31.205,NX,2024-07-05 12:35:07.681483,12.4
CV,192.168.31.205,NX,2024-07-05 12:35:07.895834,9.1
CV,192.168.31.205,NX,2024-07-05 12:35:08.110855,12.9
CV,192.168.31.205,NX,2024-07-05 12:35:08.322302,8.1
CV,192.168.31.205,NX,2024-07-05 12:35:08.535157,9.9
CV,192.168.31.205,NX,2024-07-05 12:35:08.751011,15.4
CV,192.168.31.205,NX,2024-07-05 12:35:08.963298,9.9
CV,192.168.31.205,NX,2024-07-05 12:35:09.178367,9.5
CV,192.168.31.205,NX,2024-07-05 12:35:09.392191,8.7
CV,192.168.31.205,NX,2024-07-05 12:35:09.604158,11.7
CV,192.168.31.205,NX,2024-07-05 12:35:09.815777,12.0
CV,192.168.31.205,NX,2024-07-05 12:35:10.026962,10.3
CV,192.168.31.205,NX,2024-07-05 12:35:10.238648,8.9
CV,192.168.31.205,NX,2024-07-05 12:35:10.451066,7.4
CV,192.168.31.205,NX,2024-07-05 12:35:10.666882,17.6
CV,192.168.31.205,NX,2024-07-05 12:35:10.880900,9.4
CV,192.168.31.205,NX,2024-07-05 12:35:11.096207,6.3
CV,192.168.31.205,NX,2024-07-05 12:35:11.311688,11.8
CV,192.168.31.205,NX,2024-07-05 12:35:11.523601,8.7
CV,192.168.31.205,NX,2024-07-05 12:35:11.735051,13.8
CV,192.168.31.205,NX,2024-07-05 12:35:11.946498,9.8
CV,192.168.31.205,NX,2024-07-05 12:35:12.157597,7.2
CV,192.168.31.205,NX,2024-07-05 12:35:12.373400,9.0
CV,192.168.31.205,NX,2024-07-05 12:35:12.585197,10.7
CV,192.168.31.205,NX,2024-07-05 12:35:12.796538,12.7
CV,192.168.31.205,NX,2024-07-05 12:35:13.011151,8.2
CV,192.168.31.205,NX,2024-07-05 12:35:13.222034,8.4
CV,192.168.31.205,NX,2024-07-05 12:35:13.436351,8.5
CV,192.168.31.205,NX,2024-07-05 12:35:13.652200,14.6
CV,192.168.31.205,NX,2024-07-05 12:35:13.863217,16.0
CV,192.168.31.205,NX,2024-07-05 12:35:14.073861,7.3
CV,192.168.31.205,NX,2024-07-05 12:35:14.286173,7.8
CV,192.168.31.205,NX,2024-07-05 12:35:14.498561,9.4
CV,192.168.31.205,NX,2024-07-05 12:35:14.709917,14.5
CV,192.168.31.205,NX,2024-07-05 12:35:14.921445,6.3
CV,192.168.31.205,NX,2024-07-05 12:35:15.134588,10.9
CV,192.168.31.205,NX,2024-07-05 12:35:15.346228,7.2
CV,192.168.31.205,NX,2024-07-05 12:35:15.560357,9.9
CV,192.168.31.205,NX,2024-07-05 12:35:15.773302,16.7
CV,192.168.31.205,NX,2024-07-05 12:35:15.986432,7.2
CV,192.168.31.205,NX,2024-07-05 12:35:16.199826,10.7
CV,192.168.31.205,NX,2024-07-05 12:35:16.413262,11.1
CV,192.168.31.205,NX,2024-07-05 12:35:16.629345,12.3
CV,192.168.31.205,NX,2024-07-05 12:35:16.842585,10.9
CV,192.168.31.205,NX,2024-07-05 12:35:17.053060,10.9
CV,192.168.31.205,NX,2024-07-05 12:35:17.265566,7.2
CV,192.168.31.205,NX,2024-07-05 12:35:17.477061,6.4
CV,192.168.31.205,NX,2024-07-05 12:35:17.687856,15.3
CV,192.168.31.205,NX,2024-07-05 12:35:17.899424,10.1
CV,192.168.31.205,NX,2024-07-05 12:35:18.110575,7.2
CV,192.168.31.205,NX,2024-07-05 12:35:18.321623,8.9
CV,192.168.31.205,NX,2024-07-05 12:35:18.535525,9.8
CV,192.168.31.205,NX,2024-07-05 12:35:18.748803,14.2
CV,192.168.31.205,NX,2024-07-05 12:35:18.963319,13.3
CV,192.168.31.205,NX,2024-07-05 12:35:19.175722,7.8
CV,192.168.31.205,NX,2024-07-05 12:35:19.387051,7.9
CV,192.168.31.205,NX,2024-07-05 12:35:19.597830,10.3
CV,192.168.31.205,NX,2024-07-05 12:35:19.811818,14.3
CV,192.168.31.205,NX,2024-07-05 12:35:20.025545,7.2
CV,192.168.31.205,NX,2024-07-05 12:35:20.236525,10.2
CV,192.168.31.205,NX,2024-07-05 12:35:20.447803,7.9
CV,192.168.31.205,NX,2024-07-05 12:35:20.660740,11.9
CV,192.168.31.205,NX,2024-07-05 12:35:20.873610,10.3
CV,192.168.31.205,NX,2024-07-05 12:35:21.084885,9.8
CV,192.168.31.205,NX,2024-07-05 12:35:21.298710,6.4
CV,192.168.31.205,NX,2024-07-05 12:35:21.512476,10.1
CV,192.168.31.205,NX,2024-07-05 12:35:21.724278,14.4
CV,192.168.31.205,NX,2024-07-05 12:35:21.935844,7.9
CV,192.168.31.205,NX,2024-07-05 12:35:22.147411,13.1
CV,192.168.31.205,NX,2024-07-05 12:35:22.361156,7.1
CV,192.168.31.205,NX,2024-07-05 12:35:22.572987,8.3
CV,192.168.31.205,NX,2024-07-05 12:35:22.786589,16.4
CV,192.168.31.205,NX,2024-07-05 12:35:22.998329,5.6
CV,192.168.31.205,NX,2024-07-05 12:35:23.211084,7.8
CV,192.168.31.205,NX,2024-07-05 12:35:23.422321,11.8
CV,192.168.31.205,NX,2024-07-05 12:35:23.633070,11.1
CV,192.168.31.205,NX,2024-07-05 12:35:23.845143,10.6
CV,192.168.31.205,NX,2024-07-05 12:35:24.059694,13.3
CV,192.168.31.205,NX,2024-07-05 12:35:24.271253,7.1
CV,192.168.31.205,NX,2024-07-05 12:35:24.482898,8.7
CV,192.168.31.205,NX,2024-07-05 12:35:24.695770,18.0
CV,192.168.31.205,NX,2024-07-05 12:35:24.910317,7.7
CV,192.168.31.205,NX,2024-07-05 12:35:25.121511,7.3
CV,192.168.31.205,NX,2024-07-05 12:35:25.331987,10.2
CV,192.168.31.205,NX,2024-07-05 12:35:25.543291,7.3
CV,192.168.31.205,NX,2024-07-05 12:35:25.754941,15.7
CV,192.168.31.205,NX,2024-07-05 12:35:25.966453,8.9
CV,192.168.31.205,NX,2024-07-05 12:35:26.178206,7.1
CV,192.168.31.205,NX,2024-07-05 12:35:26.389274,8.8
CV,192.168.31.205,NX,2024-07-05 12:35:26.599911,11.4
CV,192.168.31.205,NX,2024-07-05 12:35:26.810842,12.3
CV,192.168.31.205,NX,2024-07-05 12:35:27.022131,7.9
CV,192.168.31.205,NX,2024-07-05 12:35:27.236078,10.9
CV,192.168.31.205,NX,2024-07-05 12:35:27.447574,7.9
CV,192.168.31.205,NX,2024-07-05 12:35:27.658535,14.2
CV,192.168.31.205,NX,2024-07-05 12:35:27.869069,10.8
CV,192.168.31.205,NX,2024-07-05 12:35:28.080306,8.2
CV,192.168.31.205,NX,2024-07-05 12:35:28.291492,8.7
CV,192.168.31.205,NX,2024-07-05 12:35:28.504050,9.3
CV,192.168.31.205,NX,2024-07-05 12:35:28.717397,14.8
CV,192.168.31.205,NX,2024-07-05 12:35:28.929886,8.7
CV,192.168.31.205,NX,2024-07-05 12:35:29.144110,10.9
CV,192.168.31.205,NX,2024-07-05 12:35:29.358465,9.3
CV,192.168.31.205,NX,2024-07-05 12:35:29.572563,7.7
CV,192.168.31.205,NX,2024-07-05 12:35:29.790156,15.6
CV,192.168.31.205,NX,2024-07-05 12:35:30.006285,7.9
CV,192.168.31.205,NX,2024-07-05 12:35:30.215829,7.4
CV,192.168.31.205,NX,2024-07-05 12:35:30.429638,10.3
CV,192.168.31.205,NX,2024-07-05 12:35:30.645170,12.1
CV,192.168.31.205,NX,2024-07-05 12:35:30.862078,12.1
CV,192.168.31.205,NX,2024-07-05 12:35:31.078006,8.1
CV,192.168.31.205,NX,2024-07-05 12:35:31.289221,6.7
CV,192.168.31.205,NX,2024-07-05 12:35:31.499917,8.7
CV,192.168.31.205,NX,2024-07-05 12:35:31.710514,15.4
CV,192.168.31.205,NX,2024-07-05 12:35:31.922099,6.3
CV,192.168.31.205,NX,2024-07-05 12:35:32.132772,9.2
CV,192.168.31.205,NX,2024-07-05 12:35:32.350148,9.1
CV,192.168.31.205,NX,2024-07-05 12:35:32.565399,8.6
CV,192.168.31.205,NX,2024-07-05 12:35:32.775860,14.9
CV,192.168.31.205,NX,2024-07-05 12:35:32.987105,12.1
CV,192.168.31.205,NX,2024-07-05 12:35:33.198919,8.7
CV,192.168.31.205,NX,2024-07-05 12:35:33.410046,9.2
CV,192.168.31.205,NX,2024-07-05 12:35:33.622264,10.7
CV,192.168.31.205,NX,2024-07-05 12:35:33.835070,15.9
CV,192.168.31.205,NX,2024-07-05 12:35:34.047895,8.7
CV,192.168.31.205,NX,2024-07-05 12:35:34.259299,10.4
CV,192.168.31.205,NX,2024-07-05 12:35:34.471931,7.1
CV,192.168.31.205,NX,2024-07-05 12:35:34.687093,15.3
CV,192.168.31.205,NX,2024-07-05 12:35:34.902528,12.1
CV,192.168.31.205,NX,2024-07-05 12:35:35.116026,7.3
CV,192.168.31.205,NX,2024-07-05 12:35:35.333163,11.5
CV,192.168.31.205,NX,2024-07-05 12:35:35.547164,10.9
CV,192.168.31.205,NX,2024-07-05 12:35:35.758433,14.4
CV,192.168.31.205,NX,2024-07-05 12:35:35.969771,8.7
CV,192.168.31.205,NX,2024-07-05 12:35:36.180977,12.0
CV,192.168.31.205,NX,2024-07-05 12:35:36.394899,7.1
CV,192.168.31.205,NX,2024-07-05 12:35:36.608614,9.5
CV,192.168.31.205,NX,2024-07-05 12:35:36.819683,18.1
CV,192.168.31.205,NX,2024-07-05 12:35:37.031676,9.4
CV,192.168.31.205,NX,2024-07-05 12:35:37.242670,9.4
CV,192.168.31.205,NX,2024-07-05 12:35:37.455255,9.3
CV,192.168.31.205,NX,2024-07-05 12:35:37.667415,10.6
CV,192.168.31.205,NX,2024-07-05 12:35:37.878313,9.7
CV,192.168.31.205,NX,2024-07-05 12:35:38.089624,12.3
CV,192.168.31.205,NX,2024-07-05 12:35:38.301133,8.1
CV,192.168.31.205,NX,2024-07-05 12:35:38.512550,8.7
CV,192.168.31.205,NX,2024-07-05 12:35:38.724884,14.4
CV,192.168.31.205,NX,2024-07-05 12:35:38.935566,7.8
CV,192.168.31.205,NX,2024-07-05 12:35:39.147309,9.4
CV,192.168.31.205,NX,2024-07-05 12:35:39.360467,12.2
CV,192.168.31.205,NX,2024-07-05 12:35:39.575341,7.8
CV,192.168.31.205,NX,2024-07-05 12:35:39.788656,16.5
CV,192.168.31.205,NX,2024-07-05 12:35:40.000143,13.0
CV,192.168.31.205,NX,2024-07-05 12:35:40.211399,10.6
CV,192.168.31.205,NX,2024-07-05 12:35:40.422925,7.3
CV,192.168.31.205,NX,2024-07-05 12:35:40.634234,11.2
CV,192.168.31.205,NX,2024-07-05 12:35:40.846524,12.6
CV,192.168.31.205,NX,2024-07-05 12:35:41.057980,7.3
CV,192.168.31.205,NX,2024-07-05 12:35:41.269217,10.3
CV,192.168.31.205,NX,2024-07-05 12:35:41.481905,8.5
CV,192.168.31.205,NX,2024-07-05 12:35:41.693001,11.4
CV,192.168.31.205,NX,2024-07-05 12:35:41.904149,14.1
CV,192.168.31.205,NX,2024-07-05 12:35:42.115055,7.2
CV,192.168.31.205,NX,2024-07-05 12:35:42.326233,7.3
CV,192.168.31.205,NX,2024-07-05 12:35:42.536803,11.7
CV,192.168.31.205,NX,2024-07-05 12:35:42.747312,11.9
CV,192.168.31.205,NX,2024-07-05 12:35:42.958280,7.8
CV,192.168.31.205,NX,2024-07-05 12:35:43.169378,8.8
CV,192.168.31.205,NX,2024-07-05 12:35:43.382718,7.1
CV,192.168.31.205,NX,2024-07-05 12:35:43.595643,11.4
CV,192.168.31.205,NX,2024-07-05 12:35:43.806407,16.4
CV,192.168.31.205,NX,2024-07-05 12:35:44.017534,8.6
CV,192.168.31.205,NX,2024-07-05 12:35:44.228728,7.8
CV,192.168.31.205,NX,2024-07-05 12:35:44.440275,9.7
CV,192.168.31.205,NX,2024-07-05 12:35:44.652393,9.4
CV,192.168.31.205,NX,2024-07-05 12:35:44.864910,11.9
CV,192.168.31.205,NX,2024-07-05 12:35:45.075862,12.4
CV,192.168.31.205,NX,2024-07-05 12:35:45.287460,7.1
CV,192.168.31.205,NX,2024-07-05 12:35:45.500018,8.3
CV,192.168.31.205,NX,2024-07-05 12:35:45.713260,16.0
CV,192.168.31.205,NX,2024-07-05 12:35:45.924654,11.7
CV,192.168.31.205,NX,2024-07-05 12:35:46.135872,7.9
CV,192.168.31.205,NX,2024-07-05 12:35:46.347131,9.3
CV,192.168.31.205,NX,2024-07-05 12:35:46.558967,11.6
CV,192.168.31.205,NX,2024-07-05 12:35:46.771147,16.8
CV,192.168.31.205,NX,2024-07-05 12:35:46.983143,8.7
CV,192.168.31.205,NX,2024-07-05 12:35:47.195045,11.0
CV,192.168.31.205,NX,2024-07-05 12:35:47.405816,6.5
CV,192.168.31.205,NX,2024-07-05 12:35:47.616369,8.7
CV,192.168.31.205,NX,2024-07-05 12:35:47.827547,14.4
CV,192.168.31.205,NX,2024-07-05 12:35:48.038374,8.6
CV,192.168.31.205,NX,2024-07-05 12:35:48.250391,8.5
CV,192.168.31.205,NX,2024-07-05 12:35:48.461922,8.1
CV,192.168.31.205,NX,2024-07-05 12:35:48.673087,11.2
CV,192.168.31.205,NX,2024-07-05 12:35:48.883900,10.2
CV,192.168.31.205,NX,2024-07-05 12:35:49.094963,10.3
CV,192.168.31.205,NX,2024-07-05 12:35:49.306495,9.9
CV,192.168.31.205,NX,2024-07-05 12:35:49.523129,8.1
CV,192.168.31.205,NX,2024-07-05 12:35:49.735517,15.5
CV,192.168.31.205,NX,2024-07-05 12:35:49.948105,7.1
CV,192.168.31.205,NX,2024-07-05 12:35:50.159064,8.5
CV,192.168.31.205,NX,2024-07-05 12:35:50.370017,13.1
CV,192.168.31.205,NX,2024-07-05 12:35:50.581371,8.7
CV,192.168.31.205,NX,2024-07-05 12:35:50.794861,14.6
CV,192.168.31.205,NX,2024-07-05 12:35:51.006798,12.0
CV,192.168.31.205,NX,2024-07-05 12:35:51.220137,8.6
CV,192.168.31.205,NX,2024-07-05 12:35:51.431033,8.8
CV,192.168.31.205,NX,2024-07-05 12:35:51.642474,11.0
CV,192.168.31.205,NX,2024-07-05 12:35:51.853300,14.0
CV,192.168.31.205,NX,2024-07-05 12:35:52.063925,7.9
CV,192.168.31.205,NX,2024-07-05 12:35:52.280369,11.5
CV,192.168.31.205,NX,2024-07-05 12:35:52.491654,8.9
CV,192.168.31.205,NX,2024-07-05 12:35:52.702187,13.5
CV,192.168.31.205,NX,2024-07-05 12:35:53.019480,29.3
CV,192.168.31.205,NX,2024-07-05 12:35:53.229915,5.7
CV,192.168.31.205,NX,2024-07-05 12:35:53.440904,10.2
CV,192.168.31.205,NX,2024-07-05 12:35:53.653504,11.0
CV,192.168.31.205,NX,2024-07-05 12:35:53.863167,10.7
CV,192.168.31.205,NX,2024-07-05 12:35:54.075111,11.5
CV,192.168.31.205,NX,2024-07-05 12:35:54.286155,6.5
CV,192.168.31.205,NX,2024-07-05 12:35:54.497646,7.3
CV,192.168.31.205,NX,2024-07-05 12:35:54.710198,15.2
CV,192.168.31.205,NX,2024-07-05 12:35:54.921637,8.0
